"","subject","vocoded","timebins","aggbaseline","Condition"
"1","Eye_07","NS",-100,-0.351447326027792,"NS"
"2","Eye_07","NS",0,9.85958722025808,"NS"
"3","Eye_07","NS",100,29.7224454326252,"NS"
"4","Eye_07","NS",200,34.2638918340692,"NS"
"5","Eye_07","NS",300,52.0122700046672,"NS"
"6","Eye_07","NS",400,74.3344505390335,"NS"
"7","Eye_07","NS",500,96.3968698043749,"NS"
"8","Eye_07","NS",600,109.011709582006,"NS"
"9","Eye_07","NS",700,112.948454790626,"NS"
"10","Eye_07","NS",800,108.72286972803,"NS"
"11","Eye_07","NS",900,108.774219655954,"NS"
"12","Eye_07","NS",1000,128.409089334381,"NS"
"13","Eye_07","NS",1100,148.137404698101,"NS"
"14","Eye_07","NS",1200,164.099138110466,"NS"
"15","Eye_07","NS",1300,181.562878538542,"NS"
"16","Eye_07","NS",1400,196.967765623308,"NS"
"17","Eye_07","NS",1500,199.858942644437,"NS"
"18","Eye_07","NS",1600,199.47914713752,"NS"
"19","Eye_07","NS",1700,191.891081993496,"NS"
"20","Eye_07","NS",1800,179.066561291016,"NS"
"21","Eye_07","NS",1900,165.536296414886,"NS"
"22","Eye_07","NS",2000,149.13081818073,"NS"
"23","Eye_07","NS",2100,132.958800939318,"NS"
"24","Eye_07","NS",2200,120.017370941091,"NS"
"25","Eye_07","NS",2300,113.4041458787,"NS"
"26","Eye_07","NS",2400,107.85670150373,"NS"
"27","Eye_07","NS",2500,106.913666887996,"NS"
"28","Eye_07","V6",-100,-1.24896876955797,"V6"
"29","Eye_07","V6",0,8.20512773664015,"V6"
"30","Eye_07","V6",100,33.0004631567636,"V6"
"31","Eye_07","V6",200,50.4637846009193,"V6"
"32","Eye_07","V6",300,67.6051557771246,"V6"
"33","Eye_07","V6",400,79.4984855136635,"V6"
"34","Eye_07","V6",500,89.3026943701779,"V6"
"35","Eye_07","V6",600,101.906063762299,"V6"
"36","Eye_07","V6",700,111.466064770862,"V6"
"37","Eye_07","V6",800,114.46901267095,"V6"
"38","Eye_07","V6",900,114.538263366273,"V6"
"39","Eye_07","V6",1000,114.145596588264,"V6"
"40","Eye_07","V6",1100,131.907713199982,"V6"
"41","Eye_07","V6",1200,155.553921461925,"V6"
"42","Eye_07","V6",1300,170.852305918216,"V6"
"43","Eye_07","V6",1400,199.64595532436,"V6"
"44","Eye_07","V6",1500,225.897906234191,"V6"
"45","Eye_07","V6",1600,246.443089876456,"V6"
"46","Eye_07","V6",1700,252.281172646588,"V6"
"47","Eye_07","V6",1800,247.388414252524,"V6"
"48","Eye_07","V6",1900,232.196434816259,"V6"
"49","Eye_07","V6",2000,209.432897203409,"V6"
"50","Eye_07","V6",2100,185.371349287459,"V6"
"51","Eye_07","V6",2200,166.95657718683,"V6"
"52","Eye_07","V6",2300,156.332700759161,"V6"
"53","Eye_07","V6",2400,151.172235956413,"V6"
"54","Eye_07","V6",2500,151.739288909852,"V6"
"55","Eye_08","NS",-100,2.23384673358814,"NS"
"56","Eye_08","NS",0,10.8441003034158,"NS"
"57","Eye_08","NS",100,28.6971257426579,"NS"
"58","Eye_08","NS",200,51.6950522871875,"NS"
"59","Eye_08","NS",300,74.6973704095669,"NS"
"60","Eye_08","NS",400,92.7925457497916,"NS"
"61","Eye_08","NS",500,109.503577593167,"NS"
"62","Eye_08","NS",600,115.075572516416,"NS"
"63","Eye_08","NS",700,115.166572819621,"NS"
"64","Eye_08","NS",800,117.647356886592,"NS"
"65","Eye_08","NS",900,125.66836632551,"NS"
"66","Eye_08","NS",1000,131.337625953523,"NS"
"67","Eye_08","NS",1100,118.687599049274,"NS"
"68","Eye_08","NS",1200,87.2669378467006,"NS"
"69","Eye_08","NS",1300,44.5894159803166,"NS"
"70","Eye_08","NS",1400,6.3935399024311,"NS"
"71","Eye_08","NS",1500,-19.1578107875957,"NS"
"72","Eye_08","NS",1600,-34.0829030818081,"NS"
"73","Eye_08","NS",1700,-42.1458008548002,"NS"
"74","Eye_08","NS",1800,-44.6363496028411,"NS"
"75","Eye_08","NS",1900,-43.9051846308945,"NS"
"76","Eye_08","NS",2000,-36.8392369374728,"NS"
"77","Eye_08","NS",2100,-23.9834047620022,"NS"
"78","Eye_08","NS",2200,-11.784588975525,"NS"
"79","Eye_08","NS",2300,-5.65377721639226,"NS"
"80","Eye_08","NS",2400,-1.35587416294355,"NS"
"81","Eye_08","NS",2500,0.585442449699702,"NS"
"82","Eye_08","V6",-100,2.13141681766884,"V6"
"83","Eye_08","V6",0,12.1943797491933,"V6"
"84","Eye_08","V6",100,27.7247972890775,"V6"
"85","Eye_08","V6",200,41.431688804669,"V6"
"86","Eye_08","V6",300,52.1036238159288,"V6"
"87","Eye_08","V6",400,63.4858739033814,"V6"
"88","Eye_08","V6",500,77.2613745987319,"V6"
"89","Eye_08","V6",600,83.0609054993212,"V6"
"90","Eye_08","V6",700,80.8067477962533,"V6"
"91","Eye_08","V6",800,77.5504069495477,"V6"
"92","Eye_08","V6",900,77.5911928638638,"V6"
"93","Eye_08","V6",1000,77.1394157220453,"V6"
"94","Eye_08","V6",1100,72.8054468636999,"V6"
"95","Eye_08","V6",1200,63.6941544304384,"V6"
"96","Eye_08","V6",1300,51.5777775197291,"V6"
"97","Eye_08","V6",1400,37.0909759493728,"V6"
"98","Eye_08","V6",1500,19.6960415947003,"V6"
"99","Eye_08","V6",1600,2.19871613325302,"V6"
"100","Eye_08","V6",1700,-16.6428280476632,"V6"
"101","Eye_08","V6",1800,-34.2971028702553,"V6"
"102","Eye_08","V6",1900,-47.0758578284677,"V6"
"103","Eye_08","V6",2000,-54.9156481291348,"V6"
"104","Eye_08","V6",2100,-62.1601714936289,"V6"
"105","Eye_08","V6",2200,-66.3813535906216,"V6"
"106","Eye_08","V6",2300,-70.918898670579,"V6"
"107","Eye_08","V6",2400,-70.6413878892509,"V6"
"108","Eye_08","V6",2500,-66.9198900402212,"V6"
"109","Eye_12","NS",-100,-0.277879593130895,"NS"
"110","Eye_12","NS",0,-1.64642293317251,"NS"
"111","Eye_12","NS",100,-1.6347217579555,"NS"
"112","Eye_12","NS",200,-8.17827646738901,"NS"
"113","Eye_12","NS",300,-20.2978663626312,"NS"
"114","Eye_12","NS",400,-28.1691328379893,"NS"
"115","Eye_12","NS",500,-22.0696854557525,"NS"
"116","Eye_12","NS",600,-8.84189084030793,"NS"
"117","Eye_12","NS",700,-5.98795722579419,"NS"
"118","Eye_12","NS",800,-13.5617791284877,"NS"
"119","Eye_12","NS",900,-25.5560459252194,"NS"
"120","Eye_12","NS",1000,-34.4807872217297,"NS"
"121","Eye_12","NS",1100,-40.5722227521677,"NS"
"122","Eye_12","NS",1200,-47.58404768701,"NS"
"123","Eye_12","NS",1300,-53.1628855446972,"NS"
"124","Eye_12","NS",1400,-58.0428189943505,"NS"
"125","Eye_12","NS",1500,-59.1479763555458,"NS"
"126","Eye_12","NS",1600,-55.8584633711193,"NS"
"127","Eye_12","NS",1700,-51.4219881143499,"NS"
"128","Eye_12","NS",1800,-48.3185409854983,"NS"
"129","Eye_12","NS",1900,-43.1368262424916,"NS"
"130","Eye_12","NS",2000,-38.0096471832222,"NS"
"131","Eye_12","NS",2100,-29.4157470240909,"NS"
"132","Eye_12","NS",2200,-21.6400027753425,"NS"
"133","Eye_12","NS",2300,-10.9710286472297,"NS"
"134","Eye_12","NS",2400,-1.24480732536762,"NS"
"135","Eye_12","NS",2500,7.4207400602533,"NS"
"136","Eye_12","V6",-100,-0.776152979895259,"V6"
"137","Eye_12","V6",0,-1.69420603686292,"V6"
"138","Eye_12","V6",100,-2.32445724639541,"V6"
"139","Eye_12","V6",200,-7.838553742641,"V6"
"140","Eye_12","V6",300,-17.2940784533312,"V6"
"141","Eye_12","V6",400,-17.8081311738156,"V6"
"142","Eye_12","V6",500,-3.01249749101882,"V6"
"143","Eye_12","V6",600,20.3802079760649,"V6"
"144","Eye_12","V6",700,29.6974522188199,"V6"
"145","Eye_12","V6",800,27.0404816634159,"V6"
"146","Eye_12","V6",900,21.1402886364385,"V6"
"147","Eye_12","V6",1000,15.2430319742484,"V6"
"148","Eye_12","V6",1100,13.6819332118512,"V6"
"149","Eye_12","V6",1200,11.7953367953784,"V6"
"150","Eye_12","V6",1300,9.38829531277469,"V6"
"151","Eye_12","V6",1400,8.95563956849589,"V6"
"152","Eye_12","V6",1500,12.9126680289019,"V6"
"153","Eye_12","V6",1600,18.4517696127502,"V6"
"154","Eye_12","V6",1700,21.718437028981,"V6"
"155","Eye_12","V6",1800,22.0250560349513,"V6"
"156","Eye_12","V6",1900,21.6950230523284,"V6"
"157","Eye_12","V6",2000,21.4846155122031,"V6"
"158","Eye_12","V6",2100,26.1286777335276,"V6"
"159","Eye_12","V6",2200,32.5360390113721,"V6"
"160","Eye_12","V6",2300,38.0901573253644,"V6"
"161","Eye_12","V6",2400,44.5274780870024,"V6"
"162","Eye_12","V6",2500,51.2547117471331,"V6"
"163","Eye_14","NS",-100,-2.49261287035169,"NS"
"164","Eye_14","NS",0,-10.5728174531303,"NS"
"165","Eye_14","NS",100,-16.3951521918255,"NS"
"166","Eye_14","NS",200,-19.560169047847,"NS"
"167","Eye_14","NS",300,-16.2849798615049,"NS"
"168","Eye_14","NS",400,-14.3924170844839,"NS"
"169","Eye_14","NS",500,-12.3115768829782,"NS"
"170","Eye_14","NS",600,-13.6272145807963,"NS"
"171","Eye_14","NS",700,-16.0968376563528,"NS"
"172","Eye_14","NS",800,-17.8835156972785,"NS"
"173","Eye_14","NS",900,-19.7977877576128,"NS"
"174","Eye_14","NS",1000,-17.2805295124729,"NS"
"175","Eye_14","NS",1100,-20.5614637457116,"NS"
"176","Eye_14","NS",1200,-23.7507955655483,"NS"
"177","Eye_14","NS",1300,-26.3814528029861,"NS"
"178","Eye_14","NS",1400,-27.4646063956574,"NS"
"179","Eye_14","NS",1500,-24.1514183307152,"NS"
"180","Eye_14","NS",1600,-25.1349249639134,"NS"
"181","Eye_14","NS",1700,-24.570727906495,"NS"
"182","Eye_14","NS",1800,-23.8749082025273,"NS"
"183","Eye_14","NS",1900,-23.2980340351607,"NS"
"184","Eye_14","NS",2000,-22.9645478598651,"NS"
"185","Eye_14","NS",2100,-23.055561477956,"NS"
"186","Eye_14","NS",2200,-24.209000755966,"NS"
"187","Eye_14","NS",2300,-25.718518902305,"NS"
"188","Eye_14","NS",2400,-22.0813976457564,"NS"
"189","Eye_14","NS",2500,-18.9256927613418,"NS"
"190","Eye_14","V6",-100,-3.0859274366579,"V6"
"191","Eye_14","V6",0,-8.30154475048438,"V6"
"192","Eye_14","V6",100,-13.5114913281064,"V6"
"193","Eye_14","V6",200,-17.6141757289345,"V6"
"194","Eye_14","V6",300,-18.3761188489698,"V6"
"195","Eye_14","V6",400,-16.5119100887377,"V6"
"196","Eye_14","V6",500,-12.4734317935183,"V6"
"197","Eye_14","V6",600,-8.95698831047482,"V6"
"198","Eye_14","V6",700,-10.4848439549915,"V6"
"199","Eye_14","V6",800,-11.5490755195089,"V6"
"200","Eye_14","V6",900,-15.6103977859258,"V6"
"201","Eye_14","V6",1000,-20.6936178522683,"V6"
"202","Eye_14","V6",1100,-26.7026112043575,"V6"
"203","Eye_14","V6",1200,-27.7975587199776,"V6"
"204","Eye_14","V6",1300,-28.7912041564281,"V6"
"205","Eye_14","V6",1400,-26.0325107459519,"V6"
"206","Eye_14","V6",1500,-22.9995495619164,"V6"
"207","Eye_14","V6",1600,-22.9331804112664,"V6"
"208","Eye_14","V6",1700,-24.258627012878,"V6"
"209","Eye_14","V6",1800,-25.8769537050423,"V6"
"210","Eye_14","V6",1900,-27.8788076707598,"V6"
"211","Eye_14","V6",2000,-26.6632644752232,"V6"
"212","Eye_14","V6",2100,-23.9014134252653,"V6"
"213","Eye_14","V6",2200,-21.3862563714528,"V6"
"214","Eye_14","V6",2300,-18.8513858466663,"V6"
"215","Eye_14","V6",2400,-13.6449540397093,"V6"
"216","Eye_14","V6",2500,-10.5124648593525,"V6"
"217","EYE_16","NS",-100,4.89715326146003,"NS"
"218","EYE_16","NS",0,21.7995513171445,"NS"
"219","EYE_16","NS",100,44.4304906347833,"NS"
"220","EYE_16","NS",200,66.5696294664172,"NS"
"221","EYE_16","NS",300,79.8239701353349,"NS"
"222","EYE_16","NS",400,79.6537780709313,"NS"
"223","EYE_16","NS",500,77.3019354239554,"NS"
"224","EYE_16","NS",600,76.0421468600864,"NS"
"225","EYE_16","NS",700,75.1385942483082,"NS"
"226","EYE_16","NS",800,69.308484574882,"NS"
"227","EYE_16","NS",900,57.15826761584,"NS"
"228","EYE_16","NS",1000,34.182986916098,"NS"
"229","EYE_16","NS",1100,8.28080670258162,"NS"
"230","EYE_16","NS",1200,-9.59683517205513,"NS"
"231","EYE_16","NS",1300,-19.7127241545843,"NS"
"232","EYE_16","NS",1400,-24.0793965453565,"NS"
"233","EYE_16","NS",1500,-23.2595789229671,"NS"
"234","EYE_16","NS",1600,-20.9509414792541,"NS"
"235","EYE_16","NS",1700,-10.6778092583057,"NS"
"236","EYE_16","NS",1800,2.9551103702403,"NS"
"237","EYE_16","NS",1900,20.4557988694485,"NS"
"238","EYE_16","NS",2000,39.5076462018499,"NS"
"239","EYE_16","NS",2100,59.4715534314084,"NS"
"240","EYE_16","NS",2200,73.0642342888503,"NS"
"241","EYE_16","NS",2300,84.3070868716512,"NS"
"242","EYE_16","NS",2400,92.4654946092322,"NS"
"243","EYE_16","NS",2500,100.747969591385,"NS"
"244","EYE_16","V6",-100,1.13147538043213,"V6"
"245","EYE_16","V6",0,4.38310188659334,"V6"
"246","EYE_16","V6",100,9.99276449164813,"V6"
"247","EYE_16","V6",200,18.1160601743863,"V6"
"248","EYE_16","V6",300,22.7804948338209,"V6"
"249","EYE_16","V6",400,16.7481093152037,"V6"
"250","EYE_16","V6",500,11.1558060863328,"V6"
"251","EYE_16","V6",600,2.85710560340134,"V6"
"252","EYE_16","V6",700,-0.399439702951772,"V6"
"253","EYE_16","V6",800,-8.86909814374896,"V6"
"254","EYE_16","V6",900,-21.8381662910032,"V6"
"255","EYE_16","V6",1000,-47.3304831754749,"V6"
"256","EYE_16","V6",1100,-75.3709608029026,"V6"
"257","EYE_16","V6",1200,-105.663477024797,"V6"
"258","EYE_16","V6",1300,-132.528371932098,"V6"
"259","EYE_16","V6",1400,-157.097808577683,"V6"
"260","EYE_16","V6",1500,-175.825861353424,"V6"
"261","EYE_16","V6",1600,-182.592872432323,"V6"
"262","EYE_16","V6",1700,-174.630888175716,"V6"
"263","EYE_16","V6",1800,-165.513695309635,"V6"
"264","EYE_16","V6",1900,-156.84585498605,"V6"
"265","EYE_16","V6",2000,-146.203818558977,"V6"
"266","EYE_16","V6",2100,-130.657710712159,"V6"
"267","EYE_16","V6",2200,-113.999265105105,"V6"
"268","EYE_16","V6",2300,-99.355314629265,"V6"
"269","EYE_16","V6",2400,-82.6905143566802,"V6"
"270","EYE_16","V6",2500,-68.0561680905142,"V6"
"271","Eye_17","NS",-100,-1.08223640724736,"NS"
"272","Eye_17","NS",0,8.97699506908498,"NS"
"273","Eye_17","NS",100,12.290787480146,"NS"
"274","Eye_17","NS",200,6.2222265969389,"NS"
"275","Eye_17","NS",300,15.6760761354011,"NS"
"276","Eye_17","NS",400,17.4855688828677,"NS"
"277","Eye_17","NS",500,26.0874297868546,"NS"
"278","Eye_17","NS",600,53.9952653853865,"NS"
"279","Eye_17","NS",700,63.6331537843808,"NS"
"280","Eye_17","NS",800,62.5375626170959,"NS"
"281","Eye_17","NS",900,55.9097391635651,"NS"
"282","Eye_17","NS",1000,42.1946310680269,"NS"
"283","Eye_17","NS",1100,31.8157869298172,"NS"
"284","Eye_17","NS",1200,27.0631754076487,"NS"
"285","Eye_17","NS",1300,23.3044250727208,"NS"
"286","Eye_17","NS",1400,23.3167371284791,"NS"
"287","Eye_17","NS",1500,25.3942399539302,"NS"
"288","Eye_17","NS",1600,27.4484281829181,"NS"
"289","Eye_17","NS",1700,29.6716518716184,"NS"
"290","Eye_17","NS",1800,35.9104417868093,"NS"
"291","Eye_17","NS",1900,39.6209973074672,"NS"
"292","Eye_17","NS",2000,44.0998237217538,"NS"
"293","Eye_17","NS",2100,46.1134391679323,"NS"
"294","Eye_17","NS",2200,47.8717191465904,"NS"
"295","Eye_17","NS",2300,53.54604971215,"NS"
"296","Eye_17","NS",2400,62.3631815648911,"NS"
"297","Eye_17","NS",2500,67.3142452903813,"NS"
"298","Eye_17","V6",-100,-4.25586673497218,"V6"
"299","Eye_17","V6",0,11.0654150760397,"V6"
"300","Eye_17","V6",100,17.0686618058052,"V6"
"301","Eye_17","V6",200,18.4534775277408,"V6"
"302","Eye_17","V6",300,23.9527637418154,"V6"
"303","Eye_17","V6",400,27.4844695082715,"V6"
"304","Eye_17","V6",500,38.4680120836942,"V6"
"305","Eye_17","V6",600,75.6633378465436,"V6"
"306","Eye_17","V6",700,98.9159855530969,"V6"
"307","Eye_17","V6",800,103.06061254091,"V6"
"308","Eye_17","V6",900,94.0020002026277,"V6"
"309","Eye_17","V6",1000,79.39571430976,"V6"
"310","Eye_17","V6",1100,58.3201529660313,"V6"
"311","Eye_17","V6",1200,50.149886410367,"V6"
"312","Eye_17","V6",1300,40.5557333837562,"V6"
"313","Eye_17","V6",1400,33.1657919060067,"V6"
"314","Eye_17","V6",1500,24.4426857817399,"V6"
"315","Eye_17","V6",1600,16.6715431669759,"V6"
"316","Eye_17","V6",1700,17.5465217169835,"V6"
"317","Eye_17","V6",1800,20.7183168663361,"V6"
"318","Eye_17","V6",1900,20.5551798513066,"V6"
"319","Eye_17","V6",2000,23.1330890710439,"V6"
"320","Eye_17","V6",2100,24.3865470133606,"V6"
"321","Eye_17","V6",2200,26.1712084047989,"V6"
"322","Eye_17","V6",2300,29.5476617818487,"V6"
"323","Eye_17","V6",2400,30.3685711340299,"V6"
"324","Eye_17","V6",2500,28.8853024885164,"V6"
"325","Eye_20","NS",-100,4.56395561101083,"NS"
"326","Eye_20","NS",0,20.494475234167,"NS"
"327","Eye_20","NS",100,40.0780754252636,"NS"
"328","Eye_20","NS",200,54.8927419101439,"NS"
"329","Eye_20","NS",300,65.5530249427134,"NS"
"330","Eye_20","NS",400,80.3706455362198,"NS"
"331","Eye_20","NS",500,84.073870838534,"NS"
"332","Eye_20","NS",600,66.2427301706251,"NS"
"333","Eye_20","NS",700,43.6783600766572,"NS"
"334","Eye_20","NS",800,40.920452919616,"NS"
"335","Eye_20","NS",900,47.8778201865327,"NS"
"336","Eye_20","NS",1000,54.5408062933293,"NS"
"337","Eye_20","NS",1100,59.4784640292636,"NS"
"338","Eye_20","NS",1200,80.1947533983376,"NS"
"339","Eye_20","NS",1300,100.540146416452,"NS"
"340","Eye_20","NS",1400,107.539665523816,"NS"
"341","Eye_20","NS",1500,112.425036821094,"NS"
"342","Eye_20","NS",1600,98.2191752753157,"NS"
"343","Eye_20","NS",1700,78.9835632166198,"NS"
"344","Eye_20","NS",1800,64.0895935953106,"NS"
"345","Eye_20","NS",1900,50.2337755526725,"NS"
"346","Eye_20","NS",2000,44.5411799675655,"NS"
"347","Eye_20","NS",2100,46.8020967070578,"NS"
"348","Eye_20","NS",2200,56.4200324322856,"NS"
"349","Eye_20","NS",2300,68.6220391725189,"NS"
"350","Eye_20","NS",2400,79.1551211006069,"NS"
"351","Eye_20","NS",2500,84.0204874027928,"NS"
"352","Eye_20","V6",-100,-3.60900624418661,"V6"
"353","Eye_20","V6",0,-9.40032288895399,"V6"
"354","Eye_20","V6",100,-14.823316109467,"V6"
"355","Eye_20","V6",200,-7.85920633682441,"V6"
"356","Eye_20","V6",300,10.6121217570184,"V6"
"357","Eye_20","V6",400,30.6729235163759,"V6"
"358","Eye_20","V6",500,58.2418799967819,"V6"
"359","Eye_20","V6",600,68.0783778888038,"V6"
"360","Eye_20","V6",700,66.3333406290633,"V6"
"361","Eye_20","V6",800,56.2315990988135,"V6"
"362","Eye_20","V6",900,47.6295052627213,"V6"
"363","Eye_20","V6",1000,38.4613205471215,"V6"
"364","Eye_20","V6",1100,48.9897882216776,"V6"
"365","Eye_20","V6",1200,59.8021045653724,"V6"
"366","Eye_20","V6",1300,71.602641222622,"V6"
"367","Eye_20","V6",1400,90.3245309421847,"V6"
"368","Eye_20","V6",1500,104.116447896961,"V6"
"369","Eye_20","V6",1600,107.822118351551,"V6"
"370","Eye_20","V6",1700,103.77294341237,"V6"
"371","Eye_20","V6",1800,88.9417300621654,"V6"
"372","Eye_20","V6",1900,71.3599978582999,"V6"
"373","Eye_20","V6",2000,60.6483489786417,"V6"
"374","Eye_20","V6",2100,68.5572812261964,"V6"
"375","Eye_20","V6",2200,76.2665935465526,"V6"
"376","Eye_20","V6",2300,81.5411415933855,"V6"
"377","Eye_20","V6",2400,83.0958024336148,"V6"
"378","Eye_20","V6",2500,77.8946927708377,"V6"
"379","Eye_21","NS",-100,-2.51615780141845,"NS"
"380","Eye_21","NS",0,-7.89399900917815,"NS"
"381","Eye_21","NS",100,-9.9975947737251,"NS"
"382","Eye_21","NS",200,-6.74984945861446,"NS"
"383","Eye_21","NS",300,-2.97019803733428,"NS"
"384","Eye_21","NS",400,3.92934742338505,"NS"
"385","Eye_21","NS",500,20.8281083497919,"NS"
"386","Eye_21","NS",600,31.8302264645347,"NS"
"387","Eye_21","NS",700,26.6800408424451,"NS"
"388","Eye_21","NS",800,23.4022844292931,"NS"
"389","Eye_21","NS",900,17.0816855854955,"NS"
"390","Eye_21","NS",1000,11.6164681526239,"NS"
"391","Eye_21","NS",1100,4.65199612170564,"NS"
"392","Eye_21","NS",1200,4.97315647830847,"NS"
"393","Eye_21","NS",1300,5.68283723429142,"NS"
"394","Eye_21","NS",1400,0.782863734912403,"NS"
"395","Eye_21","NS",1500,-4.12869686398093,"NS"
"396","Eye_21","NS",1600,-9.76833237727716,"NS"
"397","Eye_21","NS",1700,-13.9143573944269,"NS"
"398","Eye_21","NS",1800,-18.4835284557085,"NS"
"399","Eye_21","NS",1900,-19.7702439752497,"NS"
"400","Eye_21","NS",2000,-16.9262163642053,"NS"
"401","Eye_21","NS",2100,-15.8006436351136,"NS"
"402","Eye_21","NS",2200,-12.346497810117,"NS"
"403","Eye_21","NS",2300,-7.38444465552179,"NS"
"404","Eye_21","NS",2400,-4.22302091936066,"NS"
"405","Eye_21","NS",2500,-1.04118445144016,"NS"
"406","Eye_21","V6",-100,-3.00841666666668,"V6"
"407","Eye_21","V6",0,-13.6968144549487,"V6"
"408","Eye_21","V6",100,-23.9771683673469,"V6"
"409","Eye_21","V6",200,-30.5173363095238,"V6"
"410","Eye_21","V6",300,-32.4057435920797,"V6"
"411","Eye_21","V6",400,-24.3783496732026,"V6"
"412","Eye_21","V6",500,4.31832482993197,"V6"
"413","Eye_21","V6",600,40.138112745098,"V6"
"414","Eye_21","V6",700,64.000744047619,"V6"
"415","Eye_21","V6",800,72.0464868776082,"V6"
"416","Eye_21","V6",900,71.1386732295084,"V6"
"417","Eye_21","V6",1000,67.4682944325353,"V6"
"418","Eye_21","V6",1100,61.7576934759602,"V6"
"419","Eye_21","V6",1200,56.5312270317685,"V6"
"420","Eye_21","V6",1300,49.3362328632919,"V6"
"421","Eye_21","V6",1400,44.3229031252784,"V6"
"422","Eye_21","V6",1500,38.936094740387,"V6"
"423","Eye_21","V6",1600,32.3668325440233,"V6"
"424","Eye_21","V6",1700,23.2656793609418,"V6"
"425","Eye_21","V6",1800,11.5594165801922,"V6"
"426","Eye_21","V6",1900,-1.9774080998432,"V6"
"427","Eye_21","V6",2000,-9.90300027265733,"V6"
"428","Eye_21","V6",2100,-15.9623102328837,"V6"
"429","Eye_21","V6",2200,-25.1351796527987,"V6"
"430","Eye_21","V6",2300,-33.7645501383185,"V6"
"431","Eye_21","V6",2400,-38.6938591061971,"V6"
"432","Eye_21","V6",2500,-39.0878411191349,"V6"
"433","Eye_22","NS",-100,2.24416390548445,"NS"
"434","Eye_22","NS",0,5.00026069557247,"NS"
"435","Eye_22","NS",100,6.98649756538215,"NS"
"436","Eye_22","NS",200,13.1235426265957,"NS"
"437","Eye_22","NS",300,24.0794589078022,"NS"
"438","Eye_22","NS",400,32.1392512531544,"NS"
"439","Eye_22","NS",500,34.9051955437279,"NS"
"440","Eye_22","NS",600,28.9002881475634,"NS"
"441","Eye_22","NS",700,10.0388988363825,"NS"
"442","Eye_22","NS",800,-12.6147176745542,"NS"
"443","Eye_22","NS",900,-41.1316063541639,"NS"
"444","Eye_22","NS",1000,-75.5760669476991,"NS"
"445","Eye_22","NS",1100,-107.737789117054,"NS"
"446","Eye_22","NS",1200,-130.472331078963,"NS"
"447","Eye_22","NS",1300,-147.090769502121,"NS"
"448","Eye_22","NS",1400,-155.770683270248,"NS"
"449","Eye_22","NS",1500,-156.622400820753,"NS"
"450","Eye_22","NS",1600,-148.620631780058,"NS"
"451","Eye_22","NS",1700,-137.772745538465,"NS"
"452","Eye_22","NS",1800,-121.943499393352,"NS"
"453","Eye_22","NS",1900,-102.65753734896,"NS"
"454","Eye_22","NS",2000,-84.0398101226727,"NS"
"455","Eye_22","NS",2100,-68.010188041732,"NS"
"456","Eye_22","NS",2200,-52.4050820534953,"NS"
"457","Eye_22","NS",2300,-39.393197357644,"NS"
"458","Eye_22","NS",2400,-27.0393275118334,"NS"
"459","Eye_22","NS",2500,-18.4988886298976,"NS"
"460","Eye_22","V6",-100,1.78921644140487,"V6"
"461","Eye_22","V6",0,5.57081890685786,"V6"
"462","Eye_22","V6",100,11.3313770552289,"V6"
"463","Eye_22","V6",200,18.4949952736623,"V6"
"464","Eye_22","V6",300,22.3277751113216,"V6"
"465","Eye_22","V6",400,19.5564400400948,"V6"
"466","Eye_22","V6",500,20.9515343970121,"V6"
"467","Eye_22","V6",600,29.985226525854,"V6"
"468","Eye_22","V6",700,37.996341635978,"V6"
"469","Eye_22","V6",800,34.7197983111458,"V6"
"470","Eye_22","V6",900,19.1652192609936,"V6"
"471","Eye_22","V6",1000,0.97030369012038,"V6"
"472","Eye_22","V6",1100,-15.4535437063009,"V6"
"473","Eye_22","V6",1200,-25.7981004085884,"V6"
"474","Eye_22","V6",1300,-37.8489995237522,"V6"
"475","Eye_22","V6",1400,-52.8121120281983,"V6"
"476","Eye_22","V6",1500,-61.6102301112565,"V6"
"477","Eye_22","V6",1600,-68.1136198931869,"V6"
"478","Eye_22","V6",1700,-67.6736682430852,"V6"
"479","Eye_22","V6",1800,-61.7603741012976,"V6"
"480","Eye_22","V6",1900,-51.7210425530821,"V6"
"481","Eye_22","V6",2000,-38.6922992333136,"V6"
"482","Eye_22","V6",2100,-24.3913238431575,"V6"
"483","Eye_22","V6",2200,-8.40467668429396,"V6"
"484","Eye_22","V6",2300,5.19519826568602,"V6"
"485","Eye_22","V6",2400,18.9344981523073,"V6"
"486","Eye_22","V6",2500,32.0808037078629,"V6"
"487","Eye_23","NS",-100,1.44544450113914,"NS"
"488","Eye_23","NS",0,2.67654605150124,"NS"
"489","Eye_23","NS",100,-3.84121427105928,"NS"
"490","Eye_23","NS",200,-5.07778376781366,"NS"
"491","Eye_23","NS",300,2.06542769774801,"NS"
"492","Eye_23","NS",400,9.75800386358203,"NS"
"493","Eye_23","NS",500,14.1836356851365,"NS"
"494","Eye_23","NS",600,30.2470255300171,"NS"
"495","Eye_23","NS",700,59.5226450089347,"NS"
"496","Eye_23","NS",800,83.4703889717584,"NS"
"497","Eye_23","NS",900,94.0028720454885,"NS"
"498","Eye_23","NS",1000,88.1278490465059,"NS"
"499","Eye_23","NS",1100,72.3995070578854,"NS"
"500","Eye_23","NS",1200,62.9381730842432,"NS"
"501","Eye_23","NS",1300,50.3513904242905,"NS"
"502","Eye_23","NS",1400,37.7987463306158,"NS"
"503","Eye_23","NS",1500,19.4316980830257,"NS"
"504","Eye_23","NS",1600,-5.58366380705209,"NS"
"505","Eye_23","NS",1700,-32.8426044470776,"NS"
"506","Eye_23","NS",1800,-55.0855571529177,"NS"
"507","Eye_23","NS",1900,-66.0446839280157,"NS"
"508","Eye_23","NS",2000,-67.6606509682369,"NS"
"509","Eye_23","NS",2100,-63.6619390186118,"NS"
"510","Eye_23","NS",2200,-51.9529928489024,"NS"
"511","Eye_23","NS",2300,-39.8686102631662,"NS"
"512","Eye_23","NS",2400,-24.3504523051868,"NS"
"513","Eye_23","NS",2500,-15.2380947947243,"NS"
"514","Eye_23","V6",-100,1.64993688549842,"V6"
"515","Eye_23","V6",0,9.60033837646048,"V6"
"516","Eye_23","V6",100,15.3220585323489,"V6"
"517","Eye_23","V6",200,20.8221100719897,"V6"
"518","Eye_23","V6",300,35.1241591444921,"V6"
"519","Eye_23","V6",400,48.8758844297177,"V6"
"520","Eye_23","V6",500,65.4586045300719,"V6"
"521","Eye_23","V6",600,85.613366107309,"V6"
"522","Eye_23","V6",700,107.209851837916,"V6"
"523","Eye_23","V6",800,123.260011419113,"V6"
"524","Eye_23","V6",900,125.625885659263,"V6"
"525","Eye_23","V6",1000,119.672213616406,"V6"
"526","Eye_23","V6",1100,112.07352496077,"V6"
"527","Eye_23","V6",1200,98.0957257949233,"V6"
"528","Eye_23","V6",1300,86.813022923118,"V6"
"529","Eye_23","V6",1400,82.8679992103578,"V6"
"530","Eye_23","V6",1500,82.7446298870911,"V6"
"531","Eye_23","V6",1600,68.7425835639903,"V6"
"532","Eye_23","V6",1700,43.2412317025513,"V6"
"533","Eye_23","V6",1800,18.4868241164862,"V6"
"534","Eye_23","V6",1900,4.31610776636507,"V6"
"535","Eye_23","V6",2000,-0.407080384329824,"V6"
"536","Eye_23","V6",2100,-0.0132593986052608,"V6"
"537","Eye_23","V6",2200,1.86452263209056,"V6"
"538","Eye_23","V6",2300,3.23370406275009,"V6"
"539","Eye_23","V6",2400,8.05140741678646,"V6"
"540","Eye_23","V6",2500,12.6204527073546,"V6"
"541","Eye_25","NS",-100,1.54429960858219,"NS"
"542","Eye_25","NS",0,8.2660423041518,"NS"
"543","Eye_25","NS",100,15.8321385638554,"NS"
"544","Eye_25","NS",200,22.12933531334,"NS"
"545","Eye_25","NS",300,28.5449494154061,"NS"
"546","Eye_25","NS",400,33.897706930507,"NS"
"547","Eye_25","NS",500,39.121258423444,"NS"
"548","Eye_25","NS",600,47.2948089710565,"NS"
"549","Eye_25","NS",700,54.3043693296794,"NS"
"550","Eye_25","NS",800,60.6323510908646,"NS"
"551","Eye_25","NS",900,66.8763375374589,"NS"
"552","Eye_25","NS",1000,71.1600079642038,"NS"
"553","Eye_25","NS",1100,68.5883195537341,"NS"
"554","Eye_25","NS",1200,61.4944992284703,"NS"
"555","Eye_25","NS",1300,53.3569373458999,"NS"
"556","Eye_25","NS",1400,44.2966880067749,"NS"
"557","Eye_25","NS",1500,34.1042713441887,"NS"
"558","Eye_25","NS",1600,24.6391401515441,"NS"
"559","Eye_25","NS",1700,16.5785334487677,"NS"
"560","Eye_25","NS",1800,10.8398300207734,"NS"
"561","Eye_25","NS",1900,4.26679514233398,"NS"
"562","Eye_25","NS",2000,-0.177523507392052,"NS"
"563","Eye_25","NS",2100,-6.13438861180009,"NS"
"564","Eye_25","NS",2200,-13.4817961156448,"NS"
"565","Eye_25","NS",2300,-20.8885962349962,"NS"
"566","Eye_25","NS",2400,-24.3611432852893,"NS"
"567","Eye_25","NS",2500,-25.8365348027455,"NS"
"568","Eye_25","V6",-100,0.106282136721913,"V6"
"569","Eye_25","V6",0,2.18598620705682,"V6"
"570","Eye_25","V6",100,4.52556569468129,"V6"
"571","Eye_25","V6",200,7.560398391688,"V6"
"572","Eye_25","V6",300,12.4687809551812,"V6"
"573","Eye_25","V6",400,20.6948857317951,"V6"
"574","Eye_25","V6",500,33.5823197242968,"V6"
"575","Eye_25","V6",600,51.770915328138,"V6"
"576","Eye_25","V6",700,66.9232157720897,"V6"
"577","Eye_25","V6",800,77.0675633293816,"V6"
"578","Eye_25","V6",900,81.0011633307101,"V6"
"579","Eye_25","V6",1000,78.050972553643,"V6"
"580","Eye_25","V6",1100,75.2428684843845,"V6"
"581","Eye_25","V6",1200,69.675816478897,"V6"
"582","Eye_25","V6",1300,66.1586647682199,"V6"
"583","Eye_25","V6",1400,61.4909446796884,"V6"
"584","Eye_25","V6",1500,52.938441714081,"V6"
"585","Eye_25","V6",1600,43.6698224840956,"V6"
"586","Eye_25","V6",1700,39.6367077203693,"V6"
"587","Eye_25","V6",1800,31.9338514395413,"V6"
"588","Eye_25","V6",1900,20.4626029346321,"V6"
"589","Eye_25","V6",2000,7.2440061254326,"V6"
"590","Eye_25","V6",2100,-3.76626781471871,"V6"
"591","Eye_25","V6",2200,-14.9878567162368,"V6"
"592","Eye_25","V6",2300,-25.7576322084639,"V6"
"593","Eye_25","V6",2400,-34.5597578533258,"V6"
"594","Eye_25","V6",2500,-39.5125137199081,"V6"
"595","Eye_26","NS",-100,-4.09631681329402,"NS"
"596","Eye_26","NS",0,-14.8214477362593,"NS"
"597","Eye_26","NS",100,-24.4500210561524,"NS"
"598","Eye_26","NS",200,-31.3095061963475,"NS"
"599","Eye_26","NS",300,-30.2307328900505,"NS"
"600","Eye_26","NS",400,-29.8818887985006,"NS"
"601","Eye_26","NS",500,-25.471198090556,"NS"
"602","Eye_26","NS",600,-28.4083156860793,"NS"
"603","Eye_26","NS",700,-33.4147379936292,"NS"
"604","Eye_26","NS",800,-36.5204783365929,"NS"
"605","Eye_26","NS",900,-37.0352865624276,"NS"
"606","Eye_26","NS",1000,-41.0566807844623,"NS"
"607","Eye_26","NS",1100,-41.6494895898075,"NS"
"608","Eye_26","NS",1200,-41.4645083114696,"NS"
"609","Eye_26","NS",1300,-37.8765428720869,"NS"
"610","Eye_26","NS",1400,-32.271422911022,"NS"
"611","Eye_26","NS",1500,-32.4909231873294,"NS"
"612","Eye_26","NS",1600,-39.6192638098889,"NS"
"613","Eye_26","NS",1700,-36.0879644719178,"NS"
"614","Eye_26","NS",1800,-40.1717901857622,"NS"
"615","Eye_26","NS",1900,-52.2113864707196,"NS"
"616","Eye_26","NS",2000,-53.7092284208261,"NS"
"617","Eye_26","NS",2100,-53.2518702747638,"NS"
"618","Eye_26","NS",2200,-52.763085534695,"NS"
"619","Eye_26","NS",2300,-55.9483947903229,"NS"
"620","Eye_26","NS",2400,-53.9852754857439,"NS"
"621","Eye_26","NS",2500,-52.0798438843094,"NS"
"622","Eye_26","V6",-100,-0.686774998854575,"V6"
"623","Eye_26","V6",0,-4.66359280934829,"V6"
"624","Eye_26","V6",100,-9.6446422467283,"V6"
"625","Eye_26","V6",200,-20.6166695297747,"V6"
"626","Eye_26","V6",300,-32.4286539244673,"V6"
"627","Eye_26","V6",400,-37.760803212767,"V6"
"628","Eye_26","V6",500,-32.4108485036225,"V6"
"629","Eye_26","V6",600,-25.8478089760771,"V6"
"630","Eye_26","V6",700,-23.2948769334722,"V6"
"631","Eye_26","V6",800,-23.6607443769794,"V6"
"632","Eye_26","V6",900,-32.2780542967561,"V6"
"633","Eye_26","V6",1000,-39.0532153309792,"V6"
"634","Eye_26","V6",1100,-41.8646423519042,"V6"
"635","Eye_26","V6",1200,-40.0104537455962,"V6"
"636","Eye_26","V6",1300,-43.232576634045,"V6"
"637","Eye_26","V6",1400,-47.898593411536,"V6"
"638","Eye_26","V6",1500,-52.3923941855171,"V6"
"639","Eye_26","V6",1600,-54.6794482476,"V6"
"640","Eye_26","V6",1700,-56.845844339519,"V6"
"641","Eye_26","V6",1800,-53.8188102600891,"V6"
"642","Eye_26","V6",1900,-57.0326246911133,"V6"
"643","Eye_26","V6",2000,-60.7607802621124,"V6"
"644","Eye_26","V6",2100,-62.5971962300625,"V6"
"645","Eye_26","V6",2200,-66.4703825589846,"V6"
"646","Eye_26","V6",2300,-66.546606808007,"V6"
"647","Eye_26","V6",2400,-67.1714739660622,"V6"
"648","Eye_26","V6",2500,-65.908421383821,"V6"
"649","Eye_27","NS",-100,2.35963947211642,"NS"
"650","Eye_27","NS",0,5.9328882608992,"NS"
"651","Eye_27","NS",100,7.90144943811152,"NS"
"652","Eye_27","NS",200,9.06481835297565,"NS"
"653","Eye_27","NS",300,10.4518615193689,"NS"
"654","Eye_27","NS",400,11.777734877344,"NS"
"655","Eye_27","NS",500,20.138395472803,"NS"
"656","Eye_27","NS",600,21.3288313502375,"NS"
"657","Eye_27","NS",700,18.6828160685246,"NS"
"658","Eye_27","NS",800,15.0252339215457,"NS"
"659","Eye_27","NS",900,13.4803604675853,"NS"
"660","Eye_27","NS",1000,14.3164916174292,"NS"
"661","Eye_27","NS",1100,13.1963392368548,"NS"
"662","Eye_27","NS",1200,14.2054812499,"NS"
"663","Eye_27","NS",1300,10.0676093191639,"NS"
"664","Eye_27","NS",1400,1.16365636392819,"NS"
"665","Eye_27","NS",1500,-0.0671239019734384,"NS"
"666","Eye_27","NS",1600,-1.03117044842943,"NS"
"667","Eye_27","NS",1700,0.751809367060598,"NS"
"668","Eye_27","NS",1800,6.45106373486869,"NS"
"669","Eye_27","NS",1900,11.3929843501085,"NS"
"670","Eye_27","NS",2000,11.7300586100765,"NS"
"671","Eye_27","NS",2100,13.7554375653483,"NS"
"672","Eye_27","NS",2200,17.9200171793072,"NS"
"673","Eye_27","NS",2300,30.8498792189203,"NS"
"674","Eye_27","NS",2400,46.4821850543264,"NS"
"675","Eye_27","NS",2500,54.5610204639691,"NS"
"676","Eye_27","V6",-100,4.58182883657758,"V6"
"677","Eye_27","V6",0,15.9092014121864,"V6"
"678","Eye_27","V6",100,25.8361018534075,"V6"
"679","Eye_27","V6",200,29.1731289438368,"V6"
"680","Eye_27","V6",300,23.8703727747073,"V6"
"681","Eye_27","V6",400,23.3633671312586,"V6"
"682","Eye_27","V6",500,35.8899325659253,"V6"
"683","Eye_27","V6",600,54.3443871988256,"V6"
"684","Eye_27","V6",700,62.2829274384342,"V6"
"685","Eye_27","V6",800,60.8516278342508,"V6"
"686","Eye_27","V6",900,56.9049180940114,"V6"
"687","Eye_27","V6",1000,57.4730043767863,"V6"
"688","Eye_27","V6",1100,66.6029823732947,"V6"
"689","Eye_27","V6",1200,77.301413762296,"V6"
"690","Eye_27","V6",1300,90.9109846856136,"V6"
"691","Eye_27","V6",1400,99.2301050153277,"V6"
"692","Eye_27","V6",1500,98.324157744303,"V6"
"693","Eye_27","V6",1600,92.6774973442064,"V6"
"694","Eye_27","V6",1700,88.2657858652573,"V6"
"695","Eye_27","V6",1800,85.8564871329942,"V6"
"696","Eye_27","V6",1900,85.7641659392136,"V6"
"697","Eye_27","V6",2000,90.1175796385481,"V6"
"698","Eye_27","V6",2100,92.1560113503184,"V6"
"699","Eye_27","V6",2200,91.5374372762525,"V6"
"700","Eye_27","V6",2300,96.1970346231684,"V6"
"701","Eye_27","V6",2400,102.098368463979,"V6"
"702","Eye_27","V6",2500,104.691827112951,"V6"
"703","Eye_28","NS",-100,1.20796163161653,"NS"
"704","Eye_28","NS",0,-0.101274165915181,"NS"
"705","Eye_28","NS",100,-4.28723797931019,"NS"
"706","Eye_28","NS",200,-11.1850897633338,"NS"
"707","Eye_28","NS",300,-14.0323430121745,"NS"
"708","Eye_28","NS",400,-11.813601360004,"NS"
"709","Eye_28","NS",500,0.348354790910752,"NS"
"710","Eye_28","NS",600,22.6326342836452,"NS"
"711","Eye_28","NS",700,39.0924076907567,"NS"
"712","Eye_28","NS",800,43.8177950946858,"NS"
"713","Eye_28","NS",900,39.1616158275511,"NS"
"714","Eye_28","NS",1000,31.1234007485296,"NS"
"715","Eye_28","NS",1100,19.7820641732834,"NS"
"716","Eye_28","NS",1200,6.9642218604384,"NS"
"717","Eye_28","NS",1300,-2.59267767810431,"NS"
"718","Eye_28","NS",1400,-11.2172611324616,"NS"
"719","Eye_28","NS",1500,-22.2473798037122,"NS"
"720","Eye_28","NS",1600,-27.1705919547999,"NS"
"721","Eye_28","NS",1700,-28.5247373711095,"NS"
"722","Eye_28","NS",1800,-31.6989836765022,"NS"
"723","Eye_28","NS",1900,-36.4257216124726,"NS"
"724","Eye_28","NS",2000,-31.6302929335546,"NS"
"725","Eye_28","NS",2100,-26.2024526404787,"NS"
"726","Eye_28","NS",2200,-20.6004241685752,"NS"
"727","Eye_28","NS",2300,-13.2175788042633,"NS"
"728","Eye_28","NS",2400,-0.579674937321689,"NS"
"729","Eye_28","NS",2500,6.02886465980127,"NS"
"730","Eye_28","V6",-100,-1.18522904062183,"V6"
"731","Eye_28","V6",0,-5.32277119435805,"V6"
"732","Eye_28","V6",100,-13.0633424264556,"V6"
"733","Eye_28","V6",200,-23.1322828614517,"V6"
"734","Eye_28","V6",300,-30.9468238848746,"V6"
"735","Eye_28","V6",400,-34.4884995831247,"V6"
"736","Eye_28","V6",500,-24.0286414322285,"V6"
"737","Eye_28","V6",600,-2.38747330525609,"V6"
"738","Eye_28","V6",700,21.9482258003522,"V6"
"739","Eye_28","V6",800,41.3190068233199,"V6"
"740","Eye_28","V6",900,56.5373168248835,"V6"
"741","Eye_28","V6",1000,60.8295869359528,"V6"
"742","Eye_28","V6",1100,57.7805640332614,"V6"
"743","Eye_28","V6",1200,54.0983231975285,"V6"
"744","Eye_28","V6",1300,49.0560357645968,"V6"
"745","Eye_28","V6",1400,45.7786488905359,"V6"
"746","Eye_28","V6",1500,46.2858931751664,"V6"
"747","Eye_28","V6",1600,44.6332494929327,"V6"
"748","Eye_28","V6",1700,36.5931274533887,"V6"
"749","Eye_28","V6",1800,25.6096093347821,"V6"
"750","Eye_28","V6",1900,14.2791842837654,"V6"
"751","Eye_28","V6",2000,-0.353561795520749,"V6"
"752","Eye_28","V6",2100,-14.6806471472875,"V6"
"753","Eye_28","V6",2200,-27.6485737446573,"V6"
"754","Eye_28","V6",2300,-36.0760024479858,"V6"
"755","Eye_28","V6",2400,-40.3064708260549,"V6"
"756","Eye_28","V6",2500,-42.6137508342224,"V6"
"757","Eye_29","NS",-100,3.3640382093152,"NS"
"758","Eye_29","NS",0,1.77393211504992,"NS"
"759","Eye_29","NS",100,-11.1226121478663,"NS"
"760","Eye_29","NS",200,-25.145534193266,"NS"
"761","Eye_29","NS",300,-30.4635829475963,"NS"
"762","Eye_29","NS",400,-40.7043697942769,"NS"
"763","Eye_29","NS",500,-56.1330562908303,"NS"
"764","Eye_29","NS",600,-68.0949478736731,"NS"
"765","Eye_29","NS",700,-83.2101752717968,"NS"
"766","Eye_29","NS",800,-98.2671363945304,"NS"
"767","Eye_29","NS",900,-98.1597018393025,"NS"
"768","Eye_29","NS",1000,-97.9100434987726,"NS"
"769","Eye_29","NS",1100,-118.235709129521,"NS"
"770","Eye_29","NS",1200,-149.819962156797,"NS"
"771","Eye_29","NS",1300,-191.394104258996,"NS"
"772","Eye_29","NS",1400,-237.63959166643,"NS"
"773","Eye_29","NS",1500,-277.072048595249,"NS"
"774","Eye_29","NS",1600,-312.785167485674,"NS"
"775","Eye_29","NS",1700,-337.005417174401,"NS"
"776","Eye_29","NS",1800,-369.008762435546,"NS"
"777","Eye_29","NS",1900,-381.235009617361,"NS"
"778","Eye_29","NS",2000,-382.171088418108,"NS"
"779","Eye_29","NS",2100,-383.485707758962,"NS"
"780","Eye_29","NS",2200,-382.476345865301,"NS"
"781","Eye_29","NS",2300,-380.615942593796,"NS"
"782","Eye_29","NS",2400,-388.52429892378,"NS"
"783","Eye_29","NS",2500,-389.663260733063,"NS"
"784","Eye_29","V6",-100,2.30774354860146,"V6"
"785","Eye_29","V6",0,2.97886038504189,"V6"
"786","Eye_29","V6",100,-7.44129997168535,"V6"
"787","Eye_29","V6",200,-12.3876748490985,"V6"
"788","Eye_29","V6",300,-2.61149444991103,"V6"
"789","Eye_29","V6",400,16.246774899731,"V6"
"790","Eye_29","V6",500,19.9747730650075,"V6"
"791","Eye_29","V6",600,13.094864754464,"V6"
"792","Eye_29","V6",700,3.22371660248336,"V6"
"793","Eye_29","V6",800,-3.88824503559025,"V6"
"794","Eye_29","V6",900,-7.88433722107335,"V6"
"795","Eye_29","V6",1000,9.64147136578307,"V6"
"796","Eye_29","V6",1100,22.1632785149443,"V6"
"797","Eye_29","V6",1200,9.88360471431906,"V6"
"798","Eye_29","V6",1300,-36.2939662885418,"V6"
"799","Eye_29","V6",1400,-85.7056859653765,"V6"
"800","Eye_29","V6",1500,-127.702415374568,"V6"
"801","Eye_29","V6",1600,-160.367729653744,"V6"
"802","Eye_29","V6",1700,-198.145136823928,"V6"
"803","Eye_29","V6",1800,-244.228280158698,"V6"
"804","Eye_29","V6",1900,-279.083090772265,"V6"
"805","Eye_29","V6",2000,-311.913936660863,"V6"
"806","Eye_29","V6",2100,-333.363358278342,"V6"
"807","Eye_29","V6",2200,-337.288318105938,"V6"
"808","Eye_29","V6",2300,-337.190858503257,"V6"
"809","Eye_29","V6",2400,-330.634575975503,"V6"
"810","Eye_29","V6",2500,-329.062626261696,"V6"
"811","Eye_31","NS",-100,-3.11879502529687,"NS"
"812","Eye_31","NS",0,-15.7452387139136,"NS"
"813","Eye_31","NS",100,-30.6171631400187,"NS"
"814","Eye_31","NS",200,-38.2518574532899,"NS"
"815","Eye_31","NS",300,-42.6208485973086,"NS"
"816","Eye_31","NS",400,-57.3216512002687,"NS"
"817","Eye_31","NS",500,-55.2871974814426,"NS"
"818","Eye_31","NS",600,-51.6071740404877,"NS"
"819","Eye_31","NS",700,-56.2491216931521,"NS"
"820","Eye_31","NS",800,-65.6704843093707,"NS"
"821","Eye_31","NS",900,-77.1776313558393,"NS"
"822","Eye_31","NS",1000,-88.4109574901191,"NS"
"823","Eye_31","NS",1100,-100.215629453644,"NS"
"824","Eye_31","NS",1200,-107.442536858996,"NS"
"825","Eye_31","NS",1300,-111.158552284298,"NS"
"826","Eye_31","NS",1400,-111.418354220769,"NS"
"827","Eye_31","NS",1500,-106.461613529841,"NS"
"828","Eye_31","NS",1600,-100.4003927755,"NS"
"829","Eye_31","NS",1700,-93.3400480301241,"NS"
"830","Eye_31","NS",1800,-87.6512715205849,"NS"
"831","Eye_31","NS",1900,-79.0718871831157,"NS"
"832","Eye_31","NS",2000,-71.4663137676748,"NS"
"833","Eye_31","NS",2100,-60.5271210603067,"NS"
"834","Eye_31","NS",2200,-48.4445741409215,"NS"
"835","Eye_31","NS",2300,-33.2172918984155,"NS"
"836","Eye_31","NS",2400,-15.3069117463547,"NS"
"837","Eye_31","NS",2500,-1.16352433665398,"NS"
"838","Eye_31","V6",-100,-0.815540810269265,"V6"
"839","Eye_31","V6",0,-11.9153222090089,"V6"
"840","Eye_31","V6",100,-30.4575064750461,"V6"
"841","Eye_31","V6",200,-43.7417317793757,"V6"
"842","Eye_31","V6",300,-52.3106352953225,"V6"
"843","Eye_31","V6",400,-54.3023277197883,"V6"
"844","Eye_31","V6",500,-46.4277729879134,"V6"
"845","Eye_31","V6",600,-35.8059673365491,"V6"
"846","Eye_31","V6",700,-31.3411297096949,"V6"
"847","Eye_31","V6",800,-35.2660020991186,"V6"
"848","Eye_31","V6",900,-38.8583059210878,"V6"
"849","Eye_31","V6",1000,-39.8665205788955,"V6"
"850","Eye_31","V6",1100,-37.1811278090723,"V6"
"851","Eye_31","V6",1200,-39.101992553159,"V6"
"852","Eye_31","V6",1300,-40.8410121660406,"V6"
"853","Eye_31","V6",1400,-39.2782161083556,"V6"
"854","Eye_31","V6",1500,-35.7004410239038,"V6"
"855","Eye_31","V6",1600,-34.9549185780889,"V6"
"856","Eye_31","V6",1700,-37.2739876172782,"V6"
"857","Eye_31","V6",1800,-38.7206986040298,"V6"
"858","Eye_31","V6",1900,-40.5553495624948,"V6"
"859","Eye_31","V6",2000,-38.9387734074106,"V6"
"860","Eye_31","V6",2100,-36.0144663913456,"V6"
"861","Eye_31","V6",2200,-28.0753116983086,"V6"
"862","Eye_31","V6",2300,-20.423400100336,"V6"
"863","Eye_31","V6",2400,-16.3279880640673,"V6"
"864","Eye_31","V6",2500,-8.62814863002724,"V6"
"865","EYE_32","NS",-100,-0.227597435241116,"NS"
"866","EYE_32","NS",0,0.375794073434941,"NS"
"867","EYE_32","NS",100,1.73790882073685,"NS"
"868","EYE_32","NS",200,7.10277923212896,"NS"
"869","EYE_32","NS",300,18.5216202633048,"NS"
"870","EYE_32","NS",400,16.5306951105609,"NS"
"871","EYE_32","NS",500,12.9427271169101,"NS"
"872","EYE_32","NS",600,8.34225558046323,"NS"
"873","EYE_32","NS",700,5.35372610414604,"NS"
"874","EYE_32","NS",800,0.177757644990037,"NS"
"875","EYE_32","NS",900,-4.31221957140682,"NS"
"876","EYE_32","NS",1000,-4.55010630088145,"NS"
"877","EYE_32","NS",1100,4.5014165589895,"NS"
"878","EYE_32","NS",1200,12.4456981902714,"NS"
"879","EYE_32","NS",1300,19.3346026769524,"NS"
"880","EYE_32","NS",1400,24.8618305093496,"NS"
"881","EYE_32","NS",1500,35.7105457266025,"NS"
"882","EYE_32","NS",1600,41.0462308715252,"NS"
"883","EYE_32","NS",1700,41.3265387702845,"NS"
"884","EYE_32","NS",1800,41.3243735135093,"NS"
"885","EYE_32","NS",1900,49.902123367504,"NS"
"886","EYE_32","NS",2000,52.3829425848044,"NS"
"887","EYE_32","NS",2100,53.8455608145995,"NS"
"888","EYE_32","NS",2200,48.6988951560144,"NS"
"889","EYE_32","NS",2300,49.0872837677756,"NS"
"890","EYE_32","NS",2400,56.9802806124309,"NS"
"891","EYE_32","NS",2500,54.4404943490595,"NS"
"892","EYE_32","V6",-100,-1.37652554323595,"V6"
"893","EYE_32","V6",0,4.75949103312064,"V6"
"894","EYE_32","V6",100,14.1167029687232,"V6"
"895","EYE_32","V6",200,11.7200695230872,"V6"
"896","EYE_32","V6",300,9.49164842573915,"V6"
"897","EYE_32","V6",400,1.11896087500925,"V6"
"898","EYE_32","V6",500,-4.68842486754863,"V6"
"899","EYE_32","V6",600,-12.7697909149535,"V6"
"900","EYE_32","V6",700,-21.6591184325218,"V6"
"901","EYE_32","V6",800,-30.0205874163113,"V6"
"902","EYE_32","V6",900,-40.6154634669466,"V6"
"903","EYE_32","V6",1000,-44.792686820061,"V6"
"904","EYE_32","V6",1100,-37.538159896927,"V6"
"905","EYE_32","V6",1200,-34.0409768652969,"V6"
"906","EYE_32","V6",1300,-44.6698171397309,"V6"
"907","EYE_32","V6",1400,-46.3972513287401,"V6"
"908","EYE_32","V6",1500,-36.3711745344212,"V6"
"909","EYE_32","V6",1600,-38.5272773634139,"V6"
"910","EYE_32","V6",1700,-39.999178706191,"V6"
"911","EYE_32","V6",1800,-43.0643939554786,"V6"
"912","EYE_32","V6",1900,-44.4109220665818,"V6"
"913","EYE_32","V6",2000,-46.8716149100419,"V6"
"914","EYE_32","V6",2100,-41.3004416029081,"V6"
"915","EYE_32","V6",2200,-39.2140912021349,"V6"
"916","EYE_32","V6",2300,-35.5155628633184,"V6"
"917","EYE_32","V6",2400,-16.8313795896785,"V6"
"918","EYE_32","V6",2500,3.1188268403625,"V6"
"919","Eye_34","NS",-100,-2.09192653969161,"NS"
"920","Eye_34","NS",0,-5.49867927774585,"NS"
"921","Eye_34","NS",100,-5.11812356707134,"NS"
"922","Eye_34","NS",200,9.59407872541393,"NS"
"923","Eye_34","NS",300,21.6564192746163,"NS"
"924","Eye_34","NS",400,34.9757871297961,"NS"
"925","Eye_34","NS",500,58.3370730781377,"NS"
"926","Eye_34","NS",600,59.8169374557153,"NS"
"927","Eye_34","NS",700,38.5302231003879,"NS"
"928","Eye_34","NS",800,24.062324189801,"NS"
"929","Eye_34","NS",900,28.490797897979,"NS"
"930","Eye_34","NS",1000,39.3193643450031,"NS"
"931","Eye_34","NS",1100,46.4868166369774,"NS"
"932","Eye_34","NS",1200,57.2884800521388,"NS"
"933","Eye_34","NS",1300,68.5713789046575,"NS"
"934","Eye_34","NS",1400,79.2494263218589,"NS"
"935","Eye_34","NS",1500,63.9635474549691,"NS"
"936","Eye_34","NS",1600,74.0662858714439,"NS"
"937","Eye_34","NS",1700,65.189984261238,"NS"
"938","Eye_34","NS",1800,62.9503904213435,"NS"
"939","Eye_34","NS",1900,67.9711163098929,"NS"
"940","Eye_34","NS",2000,72.0497699897301,"NS"
"941","Eye_34","NS",2100,80.0604136670676,"NS"
"942","Eye_34","NS",2200,84.8574564834921,"NS"
"943","Eye_34","NS",2300,89.5027469736711,"NS"
"944","Eye_34","NS",2400,89.1903219989418,"NS"
"945","Eye_34","NS",2500,86.9356062349913,"NS"
"946","Eye_34","V6",-100,-3.03110921143782,"V6"
"947","Eye_34","V6",0,-10.9132923409614,"V6"
"948","Eye_34","V6",100,-5.384052476892,"V6"
"949","Eye_34","V6",200,8.1375174238331,"V6"
"950","Eye_34","V6",300,21.5279700921843,"V6"
"951","Eye_34","V6",400,40.4739369248019,"V6"
"952","Eye_34","V6",500,93.8027906219012,"V6"
"953","Eye_34","V6",600,109.476780521257,"V6"
"954","Eye_34","V6",700,104.552510177205,"V6"
"955","Eye_34","V6",800,90.9834070603721,"V6"
"956","Eye_34","V6",900,76.0529506991592,"V6"
"957","Eye_34","V6",1000,57.4951552685439,"V6"
"958","Eye_34","V6",1100,64.7381849013801,"V6"
"959","Eye_34","V6",1200,64.1495203249406,"V6"
"960","Eye_34","V6",1300,58.0444978365747,"V6"
"961","Eye_34","V6",1400,61.0228042272475,"V6"
"962","Eye_34","V6",1500,58.9519934094745,"V6"
"963","Eye_34","V6",1600,56.5567973810626,"V6"
"964","Eye_34","V6",1700,57.2195702956781,"V6"
"965","Eye_34","V6",1800,58.1141002536505,"V6"
"966","Eye_34","V6",1900,54.0533849546767,"V6"
"967","Eye_34","V6",2000,45.9503053143289,"V6"
"968","Eye_34","V6",2100,40.0706319421623,"V6"
"969","Eye_34","V6",2200,43.7593918931434,"V6"
"970","Eye_34","V6",2300,51.7872163607438,"V6"
"971","Eye_34","V6",2400,64.4389193985301,"V6"
"972","Eye_34","V6",2500,74.1756376224814,"V6"
"973","Eye_35","NS",-100,0.690708019675538,"NS"
"974","Eye_35","NS",0,35.2945862680316,"NS"
"975","Eye_35","NS",100,61.8395222258717,"NS"
"976","Eye_35","NS",200,40.6563439880462,"NS"
"977","Eye_35","NS",300,15.0927090475422,"NS"
"978","Eye_35","NS",400,5.09095311407239,"NS"
"979","Eye_35","NS",500,-9.5651995761734,"NS"
"980","Eye_35","NS",600,-18.1842301451348,"NS"
"981","Eye_35","NS",700,-19.9957286652818,"NS"
"982","Eye_35","NS",800,-36.1543656077201,"NS"
"983","Eye_35","NS",900,-37.3594111224691,"NS"
"984","Eye_35","NS",1000,-33.1271877949544,"NS"
"985","Eye_35","NS",1100,-31.7249919331091,"NS"
"986","Eye_35","NS",1200,-32.7459298349881,"NS"
"987","Eye_35","NS",1300,-35.7962356892435,"NS"
"988","Eye_35","NS",1400,-44.6270097409671,"NS"
"989","Eye_35","NS",1500,-69.5873065459985,"NS"
"990","Eye_35","NS",1600,-98.5825298087543,"NS"
"991","Eye_35","NS",1700,-111.953805428283,"NS"
"992","Eye_35","NS",1800,-120.865469900806,"NS"
"993","Eye_35","NS",1900,-110.608437395275,"NS"
"994","Eye_35","NS",2000,-108.130889039873,"NS"
"995","Eye_35","NS",2100,-116.777582608829,"NS"
"996","Eye_35","NS",2200,-118.518124849611,"NS"
"997","Eye_35","NS",2300,-112.786652774391,"NS"
"998","Eye_35","NS",2400,-104.177615185407,"NS"
"999","Eye_35","NS",2500,-97.9975788683583,"NS"
"1000","Eye_35","V6",-100,13.5950051424353,"V6"
"1001","Eye_35","V6",0,34.1068379924133,"V6"
"1002","Eye_35","V6",100,33.5216406444873,"V6"
"1003","Eye_35","V6",200,28.6641376776938,"V6"
"1004","Eye_35","V6",300,41.2635184832444,"V6"
"1005","Eye_35","V6",400,55.8395552111235,"V6"
"1006","Eye_35","V6",500,40.8180410077101,"V6"
"1007","Eye_35","V6",600,1.50604426367007,"V6"
"1008","Eye_35","V6",700,-7.05935163652959,"V6"
"1009","Eye_35","V6",800,9.21351527233748,"V6"
"1010","Eye_35","V6",900,26.9222314055557,"V6"
"1011","Eye_35","V6",1000,55.7881593831311,"V6"
"1012","Eye_35","V6",1100,83.4612429709215,"V6"
"1013","Eye_35","V6",1200,83.1033899067051,"V6"
"1014","Eye_35","V6",1300,70.2408727682823,"V6"
"1015","Eye_35","V6",1400,69.4261324258634,"V6"
"1016","Eye_35","V6",1500,58.1231081400205,"V6"
"1017","Eye_35","V6",1600,43.4586754718268,"V6"
"1018","Eye_35","V6",1700,32.8374513632573,"V6"
"1019","Eye_35","V6",1800,35.1682306715828,"V6"
"1020","Eye_35","V6",1900,41.0739607230185,"V6"
"1021","Eye_35","V6",2000,51.9790873329915,"V6"
"1022","Eye_35","V6",2100,66.1267430046512,"V6"
"1023","Eye_35","V6",2200,80.3316859153122,"V6"
"1024","Eye_35","V6",2300,100.087352089546,"V6"
"1025","Eye_35","V6",2400,116.619075188993,"V6"
"1026","Eye_35","V6",2500,126.765332597401,"V6"
"1027","Eye_36","NS",-100,3.26376324772105,"NS"
"1028","Eye_36","NS",0,14.3010453251002,"NS"
"1029","Eye_36","NS",100,29.46415236517,"NS"
"1030","Eye_36","NS",200,51.7986814313197,"NS"
"1031","Eye_36","NS",300,68.8613048025635,"NS"
"1032","Eye_36","NS",400,83.9218186882289,"NS"
"1033","Eye_36","NS",500,94.8872512434709,"NS"
"1034","Eye_36","NS",600,114.321501559593,"NS"
"1035","Eye_36","NS",700,115.593223239334,"NS"
"1036","Eye_36","NS",800,114.708547531529,"NS"
"1037","Eye_36","NS",900,122.030377093218,"NS"
"1038","Eye_36","NS",1000,117.830280584711,"NS"
"1039","Eye_36","NS",1100,111.526891679543,"NS"
"1040","Eye_36","NS",1200,104.049271909825,"NS"
"1041","Eye_36","NS",1300,88.0481548943355,"NS"
"1042","Eye_36","NS",1400,72.0433700709637,"NS"
"1043","Eye_36","NS",1500,54.8032635484909,"NS"
"1044","Eye_36","NS",1600,36.995485985853,"NS"
"1045","Eye_36","NS",1700,21.2913302590461,"NS"
"1046","Eye_36","NS",1800,7.70927894389641,"NS"
"1047","Eye_36","NS",1900,-1.53640018943599,"NS"
"1048","Eye_36","NS",2000,-2.804868877278,"NS"
"1049","Eye_36","NS",2100,1.21609213319106,"NS"
"1050","Eye_36","NS",2200,10.7258009207947,"NS"
"1051","Eye_36","NS",2300,21.111736268663,"NS"
"1052","Eye_36","NS",2400,31.5511834991199,"NS"
"1053","Eye_36","NS",2500,38.9784386336475,"NS"
"1054","Eye_36","V6",-100,2.03054193438903,"V6"
"1055","Eye_36","V6",0,12.5997442715432,"V6"
"1056","Eye_36","V6",100,26.9489210072578,"V6"
"1057","Eye_36","V6",200,38.3217384647249,"V6"
"1058","Eye_36","V6",300,33.1835929956762,"V6"
"1059","Eye_36","V6",400,33.0156450195728,"V6"
"1060","Eye_36","V6",500,42.3169243072711,"V6"
"1061","Eye_36","V6",600,66.2554176388855,"V6"
"1062","Eye_36","V6",700,86.4366672685145,"V6"
"1063","Eye_36","V6",800,109.840595380894,"V6"
"1064","Eye_36","V6",900,125.925397434279,"V6"
"1065","Eye_36","V6",1000,136.529622790582,"V6"
"1066","Eye_36","V6",1100,137.295985446282,"V6"
"1067","Eye_36","V6",1200,127.922150147963,"V6"
"1068","Eye_36","V6",1300,118.607283915996,"V6"
"1069","Eye_36","V6",1400,116.08217059405,"V6"
"1070","Eye_36","V6",1500,116.130284472691,"V6"
"1071","Eye_36","V6",1600,107.177065024428,"V6"
"1072","Eye_36","V6",1700,85.4434453907931,"V6"
"1073","Eye_36","V6",1800,60.1787632439832,"V6"
"1074","Eye_36","V6",1900,42.0809054872934,"V6"
"1075","Eye_36","V6",2000,30.6201213284698,"V6"
"1076","Eye_36","V6",2100,22.3993813860938,"V6"
"1077","Eye_36","V6",2200,18.872447285448,"V6"
"1078","Eye_36","V6",2300,17.3034266008755,"V6"
"1079","Eye_36","V6",2400,22.2044451265654,"V6"
"1080","Eye_36","V6",2500,31.0255925543537,"V6"
"1081","Eye_37","NS",-100,-0.114869038146337,"NS"
"1082","Eye_37","NS",0,0.32497660297939,"NS"
"1083","Eye_37","NS",100,6.39942305829944,"NS"
"1084","Eye_37","NS",200,11.5921385663094,"NS"
"1085","Eye_37","NS",300,12.0625093668162,"NS"
"1086","Eye_37","NS",400,9.71512145575368,"NS"
"1087","Eye_37","NS",500,1.81729653164272,"NS"
"1088","Eye_37","NS",600,-14.1700262778231,"NS"
"1089","Eye_37","NS",700,-29.9008511354954,"NS"
"1090","Eye_37","NS",800,-37.7813699437922,"NS"
"1091","Eye_37","NS",900,-46.5338554336403,"NS"
"1092","Eye_37","NS",1000,-53.3912045087078,"NS"
"1093","Eye_37","NS",1100,-55.4947106326779,"NS"
"1094","Eye_37","NS",1200,-54.1345079309973,"NS"
"1095","Eye_37","NS",1300,-53.2523058674901,"NS"
"1096","Eye_37","NS",1400,-49.0149962033343,"NS"
"1097","Eye_37","NS",1500,-45.285625113876,"NS"
"1098","Eye_37","NS",1600,-44.6109960868181,"NS"
"1099","Eye_37","NS",1700,-45.8714896109928,"NS"
"1100","Eye_37","NS",1800,-48.5608395855907,"NS"
"1101","Eye_37","NS",1900,-51.4339817119831,"NS"
"1102","Eye_37","NS",2000,-50.7242451947678,"NS"
"1103","Eye_37","NS",2100,-45.6396124625941,"NS"
"1104","Eye_37","NS",2200,-39.8108770749728,"NS"
"1105","Eye_37","NS",2300,-34.9149588498046,"NS"
"1106","Eye_37","NS",2400,-29.502904487927,"NS"
"1107","Eye_37","NS",2500,-26.9240577219622,"NS"
"1108","Eye_37","V6",-100,1.4343068245005,"V6"
"1109","Eye_37","V6",0,9.00067153038027,"V6"
"1110","Eye_37","V6",100,18.4090656001897,"V6"
"1111","Eye_37","V6",200,27.5532164335055,"V6"
"1112","Eye_37","V6",300,36.6332182068292,"V6"
"1113","Eye_37","V6",400,41.5078788793712,"V6"
"1114","Eye_37","V6",500,46.5306981386838,"V6"
"1115","Eye_37","V6",600,37.3183665988252,"V6"
"1116","Eye_37","V6",700,25.0978997472131,"V6"
"1117","Eye_37","V6",800,18.1582553445935,"V6"
"1118","Eye_37","V6",900,12.2735387523193,"V6"
"1119","Eye_37","V6",1000,5.23219280000794,"V6"
"1120","Eye_37","V6",1100,2.23217876940796,"V6"
"1121","Eye_37","V6",1200,8.14204784271299,"V6"
"1122","Eye_37","V6",1300,15.7615753731632,"V6"
"1123","Eye_37","V6",1400,28.5861016548463,"V6"
"1124","Eye_37","V6",1500,36.6289641384183,"V6"
"1125","Eye_37","V6",1600,42.043195850541,"V6"
"1126","Eye_37","V6",1700,48.2060738293791,"V6"
"1127","Eye_37","V6",1800,52.5769293974851,"V6"
"1128","Eye_37","V6",1900,56.5350101118158,"V6"
"1129","Eye_37","V6",2000,60.0920542687606,"V6"
"1130","Eye_37","V6",2100,64.8269384991692,"V6"
"1131","Eye_37","V6",2200,68.3283938711921,"V6"
"1132","Eye_37","V6",2300,74.1640985046346,"V6"
"1133","Eye_37","V6",2400,84.5476659534661,"V6"
"1134","Eye_37","V6",2500,94.6408470026972,"V6"
"1135","EYE_38","NS",-100,0.860615479876177,"NS"
"1136","EYE_38","NS",0,5.76702663859713,"NS"
"1137","EYE_38","NS",100,15.3134176087003,"NS"
"1138","EYE_38","NS",200,20.0683687576273,"NS"
"1139","EYE_38","NS",300,22.5062997922141,"NS"
"1140","EYE_38","NS",400,42.4824035698869,"NS"
"1141","EYE_38","NS",500,81.4013251745372,"NS"
"1142","EYE_38","NS",600,109.508136682546,"NS"
"1143","EYE_38","NS",700,109.51564949359,"NS"
"1144","EYE_38","NS",800,83.4041734196029,"NS"
"1145","EYE_38","NS",900,56.0480566026666,"NS"
"1146","EYE_38","NS",1000,36.7157488112487,"NS"
"1147","EYE_38","NS",1100,17.9256843574707,"NS"
"1148","EYE_38","NS",1200,15.6137600633798,"NS"
"1149","EYE_38","NS",1300,27.2224654660244,"NS"
"1150","EYE_38","NS",1400,34.2277151337292,"NS"
"1151","EYE_38","NS",1500,39.669792657444,"NS"
"1152","EYE_38","NS",1600,31.1917168672808,"NS"
"1153","EYE_38","NS",1700,13.3784802574584,"NS"
"1154","EYE_38","NS",1800,-7.91703052813877,"NS"
"1155","EYE_38","NS",1900,-22.9623542892374,"NS"
"1156","EYE_38","NS",2000,-28.1112707748266,"NS"
"1157","EYE_38","NS",2100,-19.6385320162851,"NS"
"1158","EYE_38","NS",2200,-14.9715767310446,"NS"
"1159","EYE_38","NS",2300,-13.1110671970569,"NS"
"1160","EYE_38","NS",2400,-11.2741774684032,"NS"
"1161","EYE_38","NS",2500,-11.0071298178011,"NS"
"1162","EYE_38","V6",-100,-1.12334589254411,"V6"
"1163","EYE_38","V6",0,0.393421751122577,"V6"
"1164","EYE_38","V6",100,7.21257491956819,"V6"
"1165","EYE_38","V6",200,17.7975996678842,"V6"
"1166","EYE_38","V6",300,23.7335090783938,"V6"
"1167","EYE_38","V6",400,47.3080399339222,"V6"
"1168","EYE_38","V6",500,96.4517768662469,"V6"
"1169","EYE_38","V6",600,133.334582693292,"V6"
"1170","EYE_38","V6",700,144.544281060605,"V6"
"1171","EYE_38","V6",800,137.519379189908,"V6"
"1172","EYE_38","V6",900,114.484365941327,"V6"
"1173","EYE_38","V6",1000,84.0197469954529,"V6"
"1174","EYE_38","V6",1100,60.8464054130954,"V6"
"1175","EYE_38","V6",1200,57.4574882668306,"V6"
"1176","EYE_38","V6",1300,48.8658698461018,"V6"
"1177","EYE_38","V6",1400,39.9917238195966,"V6"
"1178","EYE_38","V6",1500,31.0356080666753,"V6"
"1179","EYE_38","V6",1600,19.6771314985414,"V6"
"1180","EYE_38","V6",1700,13.2112984502868,"V6"
"1181","EYE_38","V6",1800,-0.0179340906008314,"V6"
"1182","EYE_38","V6",1900,-23.4863670923883,"V6"
"1183","EYE_38","V6",2000,-50.4463157790904,"V6"
"1184","EYE_38","V6",2100,-73.0889132612735,"V6"
"1185","EYE_38","V6",2200,-84.4281091625297,"V6"
"1186","EYE_38","V6",2300,-84.1227732479244,"V6"
"1187","EYE_38","V6",2400,-80.4561136159098,"V6"
"1188","EYE_38","V6",2500,-74.0764512594808,"V6"
"1189","Eye09","NS",-100,-1.48252697673838,"NS"
"1190","Eye09","NS",0,-5.18600958047293,"NS"
"1191","Eye09","NS",100,-10.7914062067506,"NS"
"1192","Eye09","NS",200,-14.7827270981341,"NS"
"1193","Eye09","NS",300,-11.8151525874982,"NS"
"1194","Eye09","NS",400,-8.11332160687137,"NS"
"1195","Eye09","NS",500,-6.18603084557154,"NS"
"1196","Eye09","NS",600,-1.0063435690202,"NS"
"1197","Eye09","NS",700,7.98247544066962,"NS"
"1198","Eye09","NS",800,18.1938555894617,"NS"
"1199","Eye09","NS",900,24.5892465416569,"NS"
"1200","Eye09","NS",1000,29.5444468582895,"NS"
"1201","Eye09","NS",1100,35.1148097144747,"NS"
"1202","Eye09","NS",1200,45.3797824305843,"NS"
"1203","Eye09","NS",1300,57.8133904129583,"NS"
"1204","Eye09","NS",1400,67.4135108942611,"NS"
"1205","Eye09","NS",1500,71.2929866987823,"NS"
"1206","Eye09","NS",1600,65.7117058710335,"NS"
"1207","Eye09","NS",1700,69.2284391446745,"NS"
"1208","Eye09","NS",1800,69.2432678225711,"NS"
"1209","Eye09","NS",1900,66.7981087680583,"NS"
"1210","Eye09","NS",2000,64.3601409956389,"NS"
"1211","Eye09","NS",2100,61.1169302343773,"NS"
"1212","Eye09","NS",2200,57.2195615153764,"NS"
"1213","Eye09","NS",2300,54.2748981653408,"NS"
"1214","Eye09","NS",2400,53.4767768527638,"NS"
"1215","Eye09","NS",2500,52.6215642436155,"NS"
"1216","Eye09","V6",-100,-2.51770169891992,"V6"
"1217","Eye09","V6",0,-10.9108082465297,"V6"
"1218","Eye09","V6",100,-23.0080078278053,"V6"
"1219","Eye09","V6",200,-32.1470207046372,"V6"
"1220","Eye09","V6",300,-34.336118960028,"V6"
"1221","Eye09","V6",400,-33.1941791229644,"V6"
"1222","Eye09","V6",500,-27.3797227427623,"V6"
"1223","Eye09","V6",600,-16.5093003242257,"V6"
"1224","Eye09","V6",700,-3.85977214737628,"V6"
"1225","Eye09","V6",800,6.94292339210095,"V6"
"1226","Eye09","V6",900,18.0908734386459,"V6"
"1227","Eye09","V6",1000,31.0923104828065,"V6"
"1228","Eye09","V6",1100,44.4763305661205,"V6"
"1229","Eye09","V6",1200,59.7548554009196,"V6"
"1230","Eye09","V6",1300,76.2906330306161,"V6"
"1231","Eye09","V6",1400,93.3960304737102,"V6"
"1232","Eye09","V6",1500,111.616055507967,"V6"
"1233","Eye09","V6",1600,125.897140185208,"V6"
"1234","Eye09","V6",1700,136.080360137905,"V6"
"1235","Eye09","V6",1800,142.070183789936,"V6"
"1236","Eye09","V6",1900,141.646099120284,"V6"
"1237","Eye09","V6",2000,139.719079181856,"V6"
"1238","Eye09","V6",2100,137.357702540697,"V6"
"1239","Eye09","V6",2200,136.774539163393,"V6"
"1240","Eye09","V6",2300,136.338960491308,"V6"
"1241","Eye09","V6",2400,134.771779299184,"V6"
"1242","Eye09","V6",2500,134.371126224525,"V6"
"1243","Eye10","NS",-100,-7.83976678402681,"NS"
"1244","Eye10","NS",0,-24.8872097023316,"NS"
"1245","Eye10","NS",100,-28.6887397533361,"NS"
"1246","Eye10","NS",200,-31.4017178409714,"NS"
"1247","Eye10","NS",300,-13.2392299327652,"NS"
"1248","Eye10","NS",400,5.11635853247759,"NS"
"1249","Eye10","NS",500,12.5600914829819,"NS"
"1250","Eye10","NS",600,34.8528270519323,"NS"
"1251","Eye10","NS",700,46.3736152224425,"NS"
"1252","Eye10","NS",800,48.4194038183309,"NS"
"1253","Eye10","NS",900,54.5629409220511,"NS"
"1254","Eye10","NS",1000,70.8982397866658,"NS"
"1255","Eye10","NS",1100,90.3867309367212,"NS"
"1256","Eye10","NS",1200,111.967831372544,"NS"
"1257","Eye10","NS",1300,132.983201072215,"NS"
"1258","Eye10","NS",1400,156.196008610233,"NS"
"1259","Eye10","NS",1500,172.07891178636,"NS"
"1260","Eye10","NS",1600,183.884372492185,"NS"
"1261","Eye10","NS",1700,191.808451574551,"NS"
"1262","Eye10","NS",1800,201.050721815981,"NS"
"1263","Eye10","NS",1900,207.394530383433,"NS"
"1264","Eye10","NS",2000,213.086930692264,"NS"
"1265","Eye10","NS",2100,219.423019951168,"NS"
"1266","Eye10","NS",2200,228.630908439897,"NS"
"1267","Eye10","NS",2300,238.810457592892,"NS"
"1268","Eye10","NS",2400,248.884416065169,"NS"
"1269","Eye10","NS",2500,253.899509747087,"NS"
"1270","Eye10","V6",-100,-7.1618092560577,"V6"
"1271","Eye10","V6",0,-18.7124504881291,"V6"
"1272","Eye10","V6",100,-19.2452227405292,"V6"
"1273","Eye10","V6",200,-12.7784865355426,"V6"
"1274","Eye10","V6",300,1.47250453261428,"V6"
"1275","Eye10","V6",400,14.6698230683811,"V6"
"1276","Eye10","V6",500,26.4093220470304,"V6"
"1277","Eye10","V6",600,46.2371922278889,"V6"
"1278","Eye10","V6",700,66.4281316957355,"V6"
"1279","Eye10","V6",800,85.1156222715338,"V6"
"1280","Eye10","V6",900,99.2741349604146,"V6"
"1281","Eye10","V6",1000,114.843771956009,"V6"
"1282","Eye10","V6",1100,131.438822907529,"V6"
"1283","Eye10","V6",1200,157.476160713818,"V6"
"1284","Eye10","V6",1300,192.26353507433,"V6"
"1285","Eye10","V6",1400,224.484193468338,"V6"
"1286","Eye10","V6",1500,256.977972983662,"V6"
"1287","Eye10","V6",1600,280.285365501865,"V6"
"1288","Eye10","V6",1700,296.070912668193,"V6"
"1289","Eye10","V6",1800,303.302779527113,"V6"
"1290","Eye10","V6",1900,306.367896843189,"V6"
"1291","Eye10","V6",2000,306.447603308607,"V6"
"1292","Eye10","V6",2100,310.916924298651,"V6"
"1293","Eye10","V6",2200,318.764898972392,"V6"
"1294","Eye10","V6",2300,328.004459958076,"V6"
"1295","Eye10","V6",2400,337.234396126092,"V6"
"1296","Eye10","V6",2500,344.70182686613,"V6"
"1297","Eye13","NS",-100,0.0778264358152815,"NS"
"1298","Eye13","NS",0,2.24169842439467,"NS"
"1299","Eye13","NS",100,3.28402269161213,"NS"
"1300","Eye13","NS",200,2.44355300599561,"NS"
"1301","Eye13","NS",300,-1.40928507225593,"NS"
"1302","Eye13","NS",400,-2.2140468576195,"NS"
"1303","Eye13","NS",500,5.69943792594829,"NS"
"1304","Eye13","NS",600,19.6957490662114,"NS"
"1305","Eye13","NS",700,33.8108599702901,"NS"
"1306","Eye13","NS",800,40.7058280427657,"NS"
"1307","Eye13","NS",900,39.3719615504247,"NS"
"1308","Eye13","NS",1000,36.0458351890038,"NS"
"1309","Eye13","NS",1100,28.7677601789123,"NS"
"1310","Eye13","NS",1200,19.2388464222934,"NS"
"1311","Eye13","NS",1300,11.9426200829794,"NS"
"1312","Eye13","NS",1400,10.270350516303,"NS"
"1313","Eye13","NS",1500,13.7734617608008,"NS"
"1314","Eye13","NS",1600,17.9485367908128,"NS"
"1315","Eye13","NS",1700,25.2484617608008,"NS"
"1316","Eye13","NS",1800,31.2884060718586,"NS"
"1317","Eye13","NS",1900,39.5357916927736,"NS"
"1318","Eye13","NS",2000,45.9898766600939,"NS"
"1319","Eye13","NS",2100,53.2407871329787,"NS"
"1320","Eye13","NS",2200,60.4000571090851,"NS"
"1321","Eye13","NS",2300,65.1478005905356,"NS"
"1322","Eye13","NS",2400,69.5441811060814,"NS"
"1323","Eye13","NS",2500,74.5197916927736,"NS"
"1324","Eye13","V6",-100,0.195826086956512,"V6"
"1325","Eye13","V6",0,3.16496874111963,"V6"
"1326","Eye13","V6",100,6.56962371032195,"V6"
"1327","Eye13","V6",200,12.3625341151746,"V6"
"1328","Eye13","V6",300,13.4593396705927,"V6"
"1329","Eye13","V6",400,15.100158947766,"V6"
"1330","Eye13","V6",500,24.225235644659,"V6"
"1331","Eye13","V6",600,39.7486529661546,"V6"
"1332","Eye13","V6",700,55.6398594250022,"V6"
"1333","Eye13","V6",800,64.5333367510212,"V6"
"1334","Eye13","V6",900,65.9488807963031,"V6"
"1335","Eye13","V6",1000,65.2061033081307,"V6"
"1336","Eye13","V6",1100,61.4044340448084,"V6"
"1337","Eye13","V6",1200,53.1678746064945,"V6"
"1338","Eye13","V6",1300,47.454633951149,"V6"
"1339","Eye13","V6",1400,46.0396350645386,"V6"
"1340","Eye13","V6",1500,47.6937611991996,"V6"
"1341","Eye13","V6",1600,50.7620629815097,"V6"
"1342","Eye13","V6",1700,56.6505745677718,"V6"
"1343","Eye13","V6",1800,61.3696415885195,"V6"
"1344","Eye13","V6",1900,67.4243682013868,"V6"
"1345","Eye13","V6",2000,71.9924493227242,"V6"
"1346","Eye13","V6",2100,77.1884555029741,"V6"
"1347","Eye13","V6",2200,80.9409424236683,"V6"
"1348","Eye13","V6",2300,85.7607438627625,"V6"
"1349","Eye13","V6",2400,89.2275255754476,"V6"
"1350","Eye13","V6",2500,92.3522608695652,"V6"
"1351","EYE15","NS",-100,-0.125379239461782,"NS"
"1352","EYE15","NS",0,-2.00837940031523,"NS"
"1353","EYE15","NS",100,-8.74790524729859,"NS"
"1354","EYE15","NS",200,-16.7020534379712,"NS"
"1355","EYE15","NS",300,-24.5140179122972,"NS"
"1356","EYE15","NS",400,-32.9299575367029,"NS"
"1357","EYE15","NS",500,-31.6449018833167,"NS"
"1358","EYE15","NS",600,-24.8336569509149,"NS"
"1359","EYE15","NS",700,-21.8850654469023,"NS"
"1360","EYE15","NS",800,-14.5907302361829,"NS"
"1361","EYE15","NS",900,-5.36094880590941,"NS"
"1362","EYE15","NS",1000,6.60085645088739,"NS"
"1363","EYE15","NS",1100,20.3542742735337,"NS"
"1364","EYE15","NS",1200,28.9191728773516,"NS"
"1365","EYE15","NS",1300,25.3553983686985,"NS"
"1366","EYE15","NS",1400,15.7638612615813,"NS"
"1367","EYE15","NS",1500,10.7105396095766,"NS"
"1368","EYE15","NS",1600,7.23576629910425,"NS"
"1369","EYE15","NS",1700,1.50488688526551,"NS"
"1370","EYE15","NS",1800,1.16667374159518,"NS"
"1371","EYE15","NS",1900,1.18654776488871,"NS"
"1372","EYE15","NS",2000,3.23505196656938,"NS"
"1373","EYE15","NS",2100,9.50246613223565,"NS"
"1374","EYE15","NS",2200,19.8698754959811,"NS"
"1375","EYE15","NS",2300,31.8011600097867,"NS"
"1376","EYE15","NS",2400,46.9027382410792,"NS"
"1377","EYE15","NS",2500,57.7734049077458,"NS"
"1378","EYE15","V6",-100,0.805510629572075,"V6"
"1379","EYE15","V6",0,0.554537785695934,"V6"
"1380","EYE15","V6",100,-2.01713643234537,"V6"
"1381","EYE15","V6",200,-1.21675532044946,"V6"
"1382","EYE15","V6",300,-0.699635742720206,"V6"
"1383","EYE15","V6",400,-2.03421786859099,"V6"
"1384","EYE15","V6",500,1.43543097468179,"V6"
"1385","EYE15","V6",600,11.1770169531127,"V6"
"1386","EYE15","V6",700,26.0065647143376,"V6"
"1387","EYE15","V6",800,38.5668764339047,"V6"
"1388","EYE15","V6",900,46.2925309507286,"V6"
"1389","EYE15","V6",1000,53.8527034615776,"V6"
"1390","EYE15","V6",1100,63.9411488625977,"V6"
"1391","EYE15","V6",1200,68.9878015614185,"V6"
"1392","EYE15","V6",1300,76.0312045838169,"V6"
"1393","EYE15","V6",1400,84.3205745800704,"V6"
"1394","EYE15","V6",1500,84.8857165589183,"V6"
"1395","EYE15","V6",1600,77.0578850991473,"V6"
"1396","EYE15","V6",1700,69.0531986238208,"V6"
"1397","EYE15","V6",1800,58.4358530115335,"V6"
"1398","EYE15","V6",1900,49.9008869539872,"V6"
"1399","EYE15","V6",2000,39.0482316061338,"V6"
"1400","EYE15","V6",2100,32.1896624641913,"V6"
"1401","EYE15","V6",2200,29.5922091971702,"V6"
"1402","EYE15","V6",2300,34.8540210647744,"V6"
"1403","EYE15","V6",2400,46.2683996733606,"V6"
"1404","EYE15","V6",2500,55.1331755837248,"V6"
"1405","Eye18","NS",-100,-1.43579304027534,"NS"
"1406","Eye18","NS",0,-5.97697298814917,"NS"
"1407","Eye18","NS",100,-7.86126508304818,"NS"
"1408","Eye18","NS",200,-4.43215606538123,"NS"
"1409","Eye18","NS",300,0.324125029377718,"NS"
"1410","Eye18","NS",400,1.64886394550657,"NS"
"1411","Eye18","NS",500,0.71749055052285,"NS"
"1412","Eye18","NS",600,2.32507002533634,"NS"
"1413","Eye18","NS",700,6.70840425252425,"NS"
"1414","Eye18","NS",800,12.7442605139608,"NS"
"1415","Eye18","NS",900,21.8208739479238,"NS"
"1416","Eye18","NS",1000,29.3856593261801,"NS"
"1417","Eye18","NS",1100,31.7588110213388,"NS"
"1418","Eye18","NS",1200,35.3176315631568,"NS"
"1419","Eye18","NS",1300,39.2783468400037,"NS"
"1420","Eye18","NS",1400,42.3254194287936,"NS"
"1421","Eye18","NS",1500,43.1569567824536,"NS"
"1422","Eye18","NS",1600,43.0608495219759,"NS"
"1423","Eye18","NS",1700,44.5266771969789,"NS"
"1424","Eye18","NS",1800,46.3223468942,"NS"
"1425","Eye18","NS",1900,47.9928091628276,"NS"
"1426","Eye18","NS",2000,49.1711242526808,"NS"
"1427","Eye18","NS",2100,49.7745228474592,"NS"
"1428","Eye18","NS",2200,51.6156080399098,"NS"
"1429","Eye18","NS",2300,51.2000372279368,"NS"
"1430","Eye18","NS",2400,51.3127063251785,"NS"
"1431","Eye18","NS",2500,51.1576157566776,"NS"
"1432","Eye18","V6",-100,-0.698355724148376,"V6"
"1433","Eye18","V6",0,-5.2705976343824,"V6"
"1434","Eye18","V6",100,-10.2559222990875,"V6"
"1435","Eye18","V6",200,-14.2026492576772,"V6"
"1436","Eye18","V6",300,-13.0923069812206,"V6"
"1437","Eye18","V6",400,-12.8248900745713,"V6"
"1438","Eye18","V6",500,-8.53316265863085,"V6"
"1439","Eye18","V6",600,-0.380849240895214,"V6"
"1440","Eye18","V6",700,7.21273081745386,"V6"
"1441","Eye18","V6",800,16.6744746891445,"V6"
"1442","Eye18","V6",900,26.4940506961847,"V6"
"1443","Eye18","V6",1000,34.2967240212257,"V6"
"1444","Eye18","V6",1100,40.3635692773324,"V6"
"1445","Eye18","V6",1200,42.5061386382555,"V6"
"1446","Eye18","V6",1300,46.6389215806789,"V6"
"1447","Eye18","V6",1400,52.4928348908347,"V6"
"1448","Eye18","V6",1500,54.2328389410915,"V6"
"1449","Eye18","V6",1600,54.1229531247629,"V6"
"1450","Eye18","V6",1700,55.4819787829447,"V6"
"1451","Eye18","V6",1800,56.1669332412173,"V6"
"1452","Eye18","V6",1900,55.7733499702802,"V6"
"1453","Eye18","V6",2000,55.9012178340856,"V6"
"1454","Eye18","V6",2100,57.3479762019316,"V6"
"1455","Eye18","V6",2200,55.4057842525596,"V6"
"1456","Eye18","V6",2300,56.6109887190559,"V6"
"1457","Eye18","V6",2400,58.6198632159842,"V6"
"1458","Eye18","V6",2500,60.2073882126815,"V6"
"1459","Eye19","NS",-100,-0.978074318811863,"NS"
"1460","Eye19","NS",0,7.76653854114064,"NS"
"1461","Eye19","NS",100,5.67971424143293,"NS"
"1462","Eye19","NS",200,1.33417416099425,"NS"
"1463","Eye19","NS",300,-4.36435211121982,"NS"
"1464","Eye19","NS",400,-10.5153199826865,"NS"
"1465","Eye19","NS",500,-7.10024268729281,"NS"
"1466","Eye19","NS",600,7.00480682503902,"NS"
"1467","Eye19","NS",700,18.253453300282,"NS"
"1468","Eye19","NS",800,11.4101310003991,"NS"
"1469","Eye19","NS",900,-3.59188797188557,"NS"
"1470","Eye19","NS",1000,-24.7279477001015,"NS"
"1471","Eye19","NS",1100,-40.7306526362455,"NS"
"1472","Eye19","NS",1200,-49.4125390767184,"NS"
"1473","Eye19","NS",1300,-40.3222627720095,"NS"
"1474","Eye19","NS",1400,-16.2477643054789,"NS"
"1475","Eye19","NS",1500,10.6391392592332,"NS"
"1476","Eye19","NS",1600,25.21778907706,"NS"
"1477","Eye19","NS",1700,19.1788280020359,"NS"
"1478","Eye19","NS",1800,3.2364864618211,"NS"
"1479","Eye19","NS",1900,-10.8702773125835,"NS"
"1480","Eye19","NS",2000,-19.0492353419861,"NS"
"1481","Eye19","NS",2100,-19.2724666843704,"NS"
"1482","Eye19","NS",2200,-10.0082295404811,"NS"
"1483","Eye19","NS",2300,3.12989675621925,"NS"
"1484","Eye19","NS",2400,21.3851656976652,"NS"
"1485","Eye19","NS",2500,36.4250439120967,"NS"
"1486","Eye19","V6",-100,-0.494946383191355,"V6"
"1487","Eye19","V6",0,-2.50422975788491,"V6"
"1488","Eye19","V6",100,-1.44240941708772,"V6"
"1489","Eye19","V6",200,-4.04036860568818,"V6"
"1490","Eye19","V6",300,-10.4951885826884,"V6"
"1491","Eye19","V6",400,-18.1400920385929,"V6"
"1492","Eye19","V6",500,-13.0728103637433,"V6"
"1493","Eye19","V6",600,5.9030370702258,"V6"
"1494","Eye19","V6",700,20.766336990128,"V6"
"1495","Eye19","V6",800,23.9080118955211,"V6"
"1496","Eye19","V6",900,21.0087423078946,"V6"
"1497","Eye19","V6",1000,16.3394402843134,"V6"
"1498","Eye19","V6",1100,12.6688320279949,"V6"
"1499","Eye19","V6",1200,12.7874409649435,"V6"
"1500","Eye19","V6",1300,24.0668859294843,"V6"
"1501","Eye19","V6",1400,45.2423365440683,"V6"
"1502","Eye19","V6",1500,64.5294431350659,"V6"
"1503","Eye19","V6",1600,71.8988993248904,"V6"
"1504","Eye19","V6",1700,66.3029641078598,"V6"
"1505","Eye19","V6",1800,50.9752372345598,"V6"
"1506","Eye19","V6",1900,32.0794910202365,"V6"
"1507","Eye19","V6",2000,15.8821064137397,"V6"
"1508","Eye19","V6",2100,6.27889014430149,"V6"
"1509","Eye19","V6",2200,2.67339158514832,"V6"
"1510","Eye19","V6",2300,2.94787019390517,"V6"
"1511","Eye19","V6",2400,12.8005893767756,"V6"
"1512","Eye19","V6",2500,19.6525307428713,"V6"
"1513","Eye24","NS",-100,-0.656074503732824,"NS"
"1514","Eye24","NS",0,-3.7698541134954,"NS"
"1515","Eye24","NS",100,-7.69832533807856,"NS"
"1516","Eye24","NS",200,-7.38581352935887,"NS"
"1517","Eye24","NS",300,-0.698546746725536,"NS"
"1518","Eye24","NS",400,3.82437002981772,"NS"
"1519","Eye24","NS",500,17.7470259462324,"NS"
"1520","Eye24","NS",600,33.3272005212784,"NS"
"1521","Eye24","NS",700,42.1372814910978,"NS"
"1522","Eye24","NS",800,42.4478867104637,"NS"
"1523","Eye24","NS",900,43.6380405590115,"NS"
"1524","Eye24","NS",1000,38.6734471014371,"NS"
"1525","Eye24","NS",1100,32.9617346634404,"NS"
"1526","Eye24","NS",1200,22.3572702329617,"NS"
"1527","Eye24","NS",1300,8.76689392131907,"NS"
"1528","Eye24","NS",1400,-12.7678941343034,"NS"
"1529","Eye24","NS",1500,-30.2491900006447,"NS"
"1530","Eye24","NS",1600,-45.5075527164832,"NS"
"1531","Eye24","NS",1700,-57.4165566919611,"NS"
"1532","Eye24","NS",1800,-62.2132870825032,"NS"
"1533","Eye24","NS",1900,-57.1351888931351,"NS"
"1534","Eye24","NS",2000,-46.4912273155006,"NS"
"1535","Eye24","NS",2100,-39.637250365888,"NS"
"1536","Eye24","NS",2200,-29.5853218428021,"NS"
"1537","Eye24","NS",2300,-20.416788177938,"NS"
"1538","Eye24","NS",2400,-8.04716610490064,"NS"
"1539","Eye24","NS",2500,-0.914004146339292,"NS"
"1540","Eye24","V6",-100,2.95855005106769,"V6"
"1541","Eye24","V6",0,10.8109648624732,"V6"
"1542","Eye24","V6",100,12.1118284645263,"V6"
"1543","Eye24","V6",200,12.3679370153619,"V6"
"1544","Eye24","V6",300,18.333366687361,"V6"
"1545","Eye24","V6",400,25.186717775275,"V6"
"1546","Eye24","V6",500,26.6308556843837,"V6"
"1547","Eye24","V6",600,24.974415210665,"V6"
"1548","Eye24","V6",700,18.7277142550686,"V6"
"1549","Eye24","V6",800,10.5570851143437,"V6"
"1550","Eye24","V6",900,6.19688578494388,"V6"
"1551","Eye24","V6",1000,6.81639073232173,"V6"
"1552","Eye24","V6",1100,14.9758943446765,"V6"
"1553","Eye24","V6",1200,23.4004660727453,"V6"
"1554","Eye24","V6",1300,28.8075689127572,"V6"
"1555","Eye24","V6",1400,26.5443750951248,"V6"
"1556","Eye24","V6",1500,15.1864836230783,"V6"
"1557","Eye24","V6",1600,-3.96328784338913,"V6"
"1558","Eye24","V6",1700,-20.8391613036961,"V6"
"1559","Eye24","V6",1800,-29.8379588356835,"V6"
"1560","Eye24","V6",1900,-37.6258546929096,"V6"
"1561","Eye24","V6",2000,-39.1846039383047,"V6"
"1562","Eye24","V6",2100,-40.0662056364096,"V6"
"1563","Eye24","V6",2200,-37.7210507669561,"V6"
"1564","Eye24","V6",2300,-30.5715339224763,"V6"
"1565","Eye24","V6",2400,-24.8519700349365,"V6"
"1566","Eye24","V6",2500,-20.8743662103058,"V6"
"1567","eye30","NS",-100,1.2136370289489,"NS"
"1568","eye30","NS",0,10.1717780550816,"NS"
"1569","eye30","NS",100,23.6036797370911,"NS"
"1570","eye30","NS",200,40.7297036485026,"NS"
"1571","eye30","NS",300,61.1776136188079,"NS"
"1572","eye30","NS",400,72.0059721265658,"NS"
"1573","eye30","NS",500,71.515410756167,"NS"
"1574","eye30","NS",600,65.2962257564146,"NS"
"1575","eye30","NS",700,54.0147707135546,"NS"
"1576","eye30","NS",800,43.7594699714453,"NS"
"1577","eye30","NS",900,38.381046414852,"NS"
"1578","eye30","NS",1000,39.5127271581207,"NS"
"1579","eye30","NS",1100,45.862695666287,"NS"
"1580","eye30","NS",1200,60.5310239311535,"NS"
"1581","eye30","NS",1300,73.2375335131049,"NS"
"1582","eye30","NS",1400,81.5380510459237,"NS"
"1583","eye30","NS",1500,83.7309406958701,"NS"
"1584","eye30","NS",1600,81.6906241995729,"NS"
"1585","eye30","NS",1700,74.1138961666911,"NS"
"1586","eye30","NS",1800,69.2652917805468,"NS"
"1587","eye30","NS",1900,67.4622800914676,"NS"
"1588","eye30","NS",2000,72.1575845925795,"NS"
"1589","eye30","NS",2100,81.307113129405,"NS"
"1590","eye30","NS",2200,91.3358926455067,"NS"
"1591","eye30","NS",2300,101.026156489075,"NS"
"1592","eye30","NS",2400,109.710507688239,"NS"
"1593","eye30","NS",2500,115.109014752315,"NS"
"1594","eye30","V6",-100,0.194489494646119,"V6"
"1595","eye30","V6",0,4.71259504537964,"V6"
"1596","eye30","V6",100,14.6553551077201,"V6"
"1597","eye30","V6",200,27.2348665211472,"V6"
"1598","eye30","V6",300,41.5412825655151,"V6"
"1599","eye30","V6",400,47.6074486768654,"V6"
"1600","eye30","V6",500,50.5488083449963,"V6"
"1601","eye30","V6",600,44.9132993973409,"V6"
"1602","eye30","V6",700,32.490302816411,"V6"
"1603","eye30","V6",800,19.8243757981729,"V6"
"1604","eye30","V6",900,12.934987718389,"V6"
"1605","eye30","V6",1000,13.6553000797869,"V6"
"1606","eye30","V6",1100,20.8872238793335,"V6"
"1607","eye30","V6",1200,31.8428930675981,"V6"
"1608","eye30","V6",1300,47.5011327820713,"V6"
"1609","eye30","V6",1400,61.1607558818011,"V6"
"1610","eye30","V6",1500,69.4375619658626,"V6"
"1611","eye30","V6",1600,77.8857548309248,"V6"
"1612","eye30","V6",1700,77.02278488459,"V6"
"1613","eye30","V6",1800,68.6963776111372,"V6"
"1614","eye30","V6",1900,61.543803945198,"V6"
"1615","eye30","V6",2000,53.9959603866389,"V6"
"1616","eye30","V6",2100,52.2219505692461,"V6"
"1617","eye30","V6",2200,55.0754273357471,"V6"
"1618","eye30","V6",2300,56.6800768147656,"V6"
"1619","eye30","V6",2400,62.8349729614283,"V6"
"1620","eye30","V6",2500,70.5557336973813,"V6"
"1621","EYE32","NS",-100,5.01885701719736,"NS"
"1622","EYE32","NS",0,14.6784496039449,"NS"
"1623","EYE32","NS",100,23.9309480530647,"NS"
"1624","EYE32","NS",200,29.6495604036197,"NS"
"1625","EYE32","NS",300,34.9058589471596,"NS"
"1626","EYE32","NS",400,44.0082609601411,"NS"
"1627","EYE32","NS",500,62.1043164707041,"NS"
"1628","EYE32","NS",600,74.1259347571253,"NS"
"1629","EYE32","NS",700,72.915085717743,"NS"
"1630","EYE32","NS",800,63.3846958107407,"NS"
"1631","EYE32","NS",900,45.4602757505997,"NS"
"1632","EYE32","NS",1000,25.1388039414678,"NS"
"1633","EYE32","NS",1100,12.4821914598907,"NS"
"1634","EYE32","NS",1200,2.59621514813511,"NS"
"1635","EYE32","NS",1300,-4.24270810262796,"NS"
"1636","EYE32","NS",1400,-4.56389084377908,"NS"
"1637","EYE32","NS",1500,-3.86464455604904,"NS"
"1638","EYE32","NS",1600,-1.26200548910615,"NS"
"1639","EYE32","NS",1700,5.10640801239505,"NS"
"1640","EYE32","NS",1800,13.8614232830768,"NS"
"1641","EYE32","NS",1900,19.6283372404745,"NS"
"1642","EYE32","NS",2000,31.7433450677597,"NS"
"1643","EYE32","NS",2100,45.2750990124328,"NS"
"1644","EYE32","NS",2200,60.9309489190957,"NS"
"1645","EYE32","NS",2300,82.9394291916716,"NS"
"1646","EYE32","NS",2400,105.423540303776,"NS"
"1647","EYE32","NS",2500,121.13651844948,"NS"
"1648","EYE32","V6",-100,2.08611540738648,"V6"
"1649","EYE32","V6",0,9.58163036074884,"V6"
"1650","EYE32","V6",100,15.1602890414741,"V6"
"1651","EYE32","V6",200,16.3666737824122,"V6"
"1652","EYE32","V6",300,11.7172990905315,"V6"
"1653","EYE32","V6",400,6.94297145050122,"V6"
"1654","EYE32","V6",500,12.4432471686326,"V6"
"1655","EYE32","V6",600,25.148638444286,"V6"
"1656","EYE32","V6",700,32.3793865383273,"V6"
"1657","EYE32","V6",800,29.0249059699681,"V6"
"1658","EYE32","V6",900,16.7615258392659,"V6"
"1659","EYE32","V6",1000,6.65344172770833,"V6"
"1660","EYE32","V6",1100,2.69147046870247,"V6"
"1661","EYE32","V6",1200,5.86237403403112,"V6"
"1662","EYE32","V6",1300,13.3658343081038,"V6"
"1663","EYE32","V6",1400,19.3325018393141,"V6"
"1664","EYE32","V6",1500,27.0908933924894,"V6"
"1665","EYE32","V6",1600,21.1813151271003,"V6"
"1666","EYE32","V6",1700,5.35465460604638,"V6"
"1667","EYE32","V6",1800,-11.0340504522239,"V6"
"1668","EYE32","V6",1900,-28.7748655000811,"V6"
"1669","EYE32","V6",2000,-44.0369851779849,"V6"
"1670","EYE32","V6",2100,-56.2930806013751,"V6"
"1671","EYE32","V6",2200,-63.036653991418,"V6"
"1672","EYE32","V6",2300,-61.1906421505469,"V6"
"1673","EYE32","V6",2400,-51.897924213699,"V6"
"1674","EYE32","V6",2500,-39.2492533468773,"V6"
